a_opt1,a_opt2,a_opt3,u_opt,meas
replace,replace,strengthen,0.1590794961117398,65.17522349400663
replace,replace,strengthen,0.15340417149630878,61.55047296319149
no_action,no_action,no_action,0.06395998183137841,43.89142967685631
strengthen,no_action,no_action,0.1045016452543566,49.3152081866692
strengthen,strengthen,no_action,0.1264067184233718,53.52713526935686
replace,replace,strengthen,0.15433640198241746,62.12491656803157
replace,strengthen,strengthen,0.15135669497377613,60.21148865104991
strengthen,strengthen,no_action,0.12537787131168968,53.29888696164677
replace,strengthen,no_action,0.13970291680832725,56.885577564623695
no_action,no_action,no_action,0.06829730210942676,44.38343061140606
replace,replace,strengthen,0.1531548124000245,61.188266728377585
replace,strengthen,no_action,0.14377299793630285,58.23717790178398
no_action,no_action,no_action,0.06384812273404306,43.8600766674772
strengthen,no_action,no_action,0.0979279300389094,48.27584322083166
strengthen,strengthen,no_action,0.1170550481080715,51.704981542621574
replace,strengthen,no_action,0.1454627122999095,58.704860874540316
replace,strengthen,no_action,0.14040045759062222,57.14704449564954
strengthen,strengthen,no_action,0.11646615584170372,51.51915329738213
strengthen,strengthen,no_action,0.13135299646329537,54.439255652816
no_action,no_action,no_action,0.06740441905226492,44.26063898156751
no_action,no_action,no_action,0.07522180070902551,45.49200130524749
no_action,no_action,no_action,0.06838547869513846,44.414194012478404
no_action,no_action,no_action,0.03948373622910029,39.16333730509093
no_action,no_action,no_action,0.048019262503358855,40.77607947383984
no_action,no_action,no_action,0.05413832296535703,42.028481725453965
no_action,no_action,no_action,0.07011171530194159,44.585002872651735
no_action,no_action,no_action,0.06490087969358682,44.01605156260199
no_action,no_action,no_action,0.05402612465517175,41.96061286426731
no_action,no_action,no_action,0.05859685384756764,43.02710316640834
no_action,no_action,no_action,0.04042588704845885,39.309632116499
strengthen,strengthen,no_action,0.11841226469361285,52.071668092759325
strengthen,strengthen,no_action,0.10999845932759364,50.3622332337703
no_action,no_action,no_action,0.054150133148207054,42.03421619827271
no_action,no_action,no_action,0.07011759019141552,44.59207389724784
strengthen,no_action,no_action,0.08439182479636842,46.57842162447945
strengthen,strengthen,no_action,0.11125503259177491,50.63314123538004
strengthen,strengthen,no_action,0.10766271538482236,49.73076730546557
strengthen,no_action,no_action,0.08353048198346356,46.470779564594814
strengthen,no_action,no_action,0.09675753996149927,48.162265335274405
no_action,no_action,no_action,0.05531823814852377,42.26624417951571
replace,strengthen,no_action,0.14190452372320947,57.71498312823798
replace,strengthen,no_action,0.13549123196163704,55.28729798706985
no_action,no_action,no_action,0.061570720190078136,43.46011246657003
strengthen,no_action,no_action,0.08767169695524016,47.09270080204887
strengthen,strengthen,no_action,0.10871702825972414,49.91364881140747
replace,strengthen,no_action,0.13681282591869529,55.672032934221015
strengthen,strengthen,no_action,0.1311049639573746,54.390510114026256
strengthen,strengthen,no_action,0.1077306024250528,49.760778973769305
strengthen,strengthen,no_action,0.11914845561174943,52.16297338929956
no_action,no_action,no_action,0.0636950477905447,43.78963124257767
strengthen,strengthen,no_action,0.107525094313334,49.66156787847794
strengthen,no_action,no_action,0.09716137082198258,48.20861962155575
no_action,no_action,no_action,0.050105285226493046,41.13015285710667
no_action,no_action,no_action,0.06052276372413501,43.3042251042228
no_action,no_action,no_action,0.07188474056447447,44.99253773734025
strengthen,no_action,no_action,0.09862238952844155,48.43888011183142
strengthen,no_action,no_action,0.09259062269671288,47.671899947792504
no_action,no_action,no_action,0.0716439846357876,44.9010464807659
no_action,no_action,no_action,0.0825396517862972,46.3387387620448
no_action,no_action,no_action,0.051198029174513215,41.327366953409566
strengthen,no_action,no_action,0.10193087885279661,48.89950391538133
strengthen,no_action,no_action,0.09017241535832206,47.52150785971546
no_action,no_action,no_action,0.04809617290030499,40.80819289126978
no_action,no_action,no_action,0.058201712520829285,42.87011283025293
no_action,no_action,no_action,0.06974745683207183,44.4713316885865
strengthen,no_action,no_action,0.09336716428399235,47.73989006697156
strengthen,no_action,no_action,0.08746595950052685,47.0124755594113
no_action,no_action,no_action,0.06829730210942676,44.38456012594708
no_action,no_action,no_action,0.07716125326892087,45.74808720506018
no_action,no_action,no_action,0.04976827337795364,40.99523344521406
strengthen,no_action,no_action,0.09339643683789205,47.75273891521273
strengthen,no_action,no_action,0.08355403469541117,46.48207174094156
no_action,no_action,no_action,0.04628030073954469,40.291641132760155
no_action,no_action,no_action,0.05459889672503848,42.19296296286878
no_action,no_action,no_action,0.06331233717672768,43.66946663916217
strengthen,no_action,no_action,0.08459493884624084,46.68344467017764
no_action,no_action,no_action,0.07859053256398242,46.01268677283459
no_action,no_action,no_action,0.06311802522701794,43.58945351005865
no_action,no_action,no_action,0.071479558377058,44.846778662431205
no_action,no_action,no_action,0.04727967132219035,40.464113536565144
strengthen,no_action,no_action,0.10537692670506867,49.41480445171201
strengthen,no_action,no_action,0.09574166492425981,47.98644632814122
no_action,no_action,no_action,0.04982740011881537,41.02777766443795
no_action,no_action,no_action,0.058980166122615585,43.16505525887636
no_action,no_action,no_action,0.07079315015287901,44.824794381141366
strengthen,no_action,no_action,0.09716431257108919,48.212809820616414
strengthen,no_action,no_action,0.08999911018385494,47.45881025958365
no_action,no_action,no_action,0.07050531555054985,44.73485155011413
no_action,no_action,no_action,0.07963260144474027,46.14821189476246
no_action,no_action,no_action,0.05034768139866175,41.22165405005242
replace,strengthen,no_action,0.1349961782118924,55.16155831444731
strengthen,strengthen,no_action,0.12385355553743652,53.07935354309228
no_action,no_action,no_action,0.0583491574494197,42.93527772993467
no_action,no_action,no_action,0.07932214517293011,46.05091766043371
strengthen,no_action,no_action,0.09870146394046972,48.47042062860059
strengthen,strengthen,no_action,0.1258416745840348,53.40933741500399
strengthen,strengthen,no_action,0.12016689705498282,52.31018625838986
strengthen,no_action,no_action,0.09837371107016708,48.33930547699848
strengthen,strengthen,no_action,0.11003963511173187,50.39964707110354
no_action,no_action,no_action,0.060310588600799964,43.217903164353245
replace,replace,strengthen,0.1533624276969308,61.460250591861296
replace,strengthen,no_action,0.14452977778618575,58.465632142743694
no_action,no_action,no_action,0.06392465821255311,43.876463489767914
strengthen,no_action,no_action,0.0984175826819403,48.35736418937018
strengthen,strengthen,no_action,0.11766217495565094,51.837083535826295
replace,strengthen,no_action,0.14693905189917697,58.94021360770451
replace,strengthen,no_action,0.14082358636017125,57.359418876443
strengthen,strengthen,no_action,0.11685074360534721,51.64851425707519
strengthen,strengthen,no_action,0.13294734947656528,54.61168917342895
no_action,no_action,no_action,0.06806803471996427,44.28293424218531
replace,replace,replace,0.16500599165105198,79.18008926502324
replace,replace,replace,0.16500599165105198,72.65799189733248
no_action,no_action,no_action,0.04829140098935913,40.88366735979162
strengthen,strengthen,no_action,0.11127467629685184,50.642797330546685
replace,strengthen,no_action,0.14373608975404653,58.221415032748915
strengthen_replace,replace,replace,0.1900029976148739,73.69160154609685
strengthen_replace,replace,replace,0.1900029976148739,70.24872649179466
replace,strengthen,no_action,0.14211849476560764,57.81072257978139
replace,replace,strengthen,0.15794995582857127,64.264337840067
no_action,no_action,no_action,0.05346509040412716,41.768936007343676
strengthen,strengthen,no_action,0.11687029602134842,51.66302083237812
strengthen,strengthen,no_action,0.1089026095582834,49.99917498705775
no_action,no_action,no_action,0.053807625039735234,41.893258302718635
no_action,no_action,no_action,0.06829730210942676,44.382900351949736
no_action,no_action,no_action,0.08246358527752283,46.316274060773296
strengthen,strengthen,no_action,0.10971891483517965,50.26285812805148
strengthen,no_action,no_action,0.10499481921308666,49.384549658841046
no_action,no_action,no_action,0.08043424970695379,46.2115027129919
strengthen,no_action,no_action,0.09421800675924598,47.857878155240826
no_action,no_action,no_action,0.05438042540957189,42.11909831677893
replace,strengthen,no_action,0.14111059904298592,57.50970624102192
replace,strengthen,no_action,0.13471589554623223,55.11103961864131
no_action,no_action,no_action,0.06089993875657773,43.42522638708054
strengthen,no_action,no_action,0.08746595950052685,47.014393798209305
strengthen,strengthen,no_action,0.10779540485321636,49.8016225531967
replace,strengthen,no_action,0.13640724912647584,55.49117576584812
strengthen,strengthen,no_action,0.13058854394811414,54.22497119817459
strengthen,strengthen,no_action,0.10750546049343278,49.65057999380823
strengthen,strengthen,no_action,0.1182702786515935,52.02406058537661
no_action,no_action,no_action,0.06357729421702996,43.75080637109647
replace,strengthen,no_action,0.1490668322332816,59.45346764544708
replace,strengthen,no_action,0.139494583465874,56.77139863315545
no_action,no_action,no_action,0.06341243393007767,43.70490691673242
strengthen,no_action,no_action,0.093311474049705,47.718134350464545
strengthen,strengthen,no_action,0.11195373947490991,50.83467409974434
replace,strengthen,no_action,0.140488959318699,57.19644785481988
replace,strengthen,no_action,0.13701062041056467,55.780641255231316
strengthen,strengthen,no_action,0.11133653461040362,50.66578586646789
strengthen,strengthen,no_action,0.12550822913597157,53.31969311915782
no_action,no_action,no_action,0.06503035655221268,44.06895416615172
strengthen,strengthen,no_action,0.10912550678840552,50.136950010094424
strengthen,no_action,no_action,0.10059101063089272,48.63576106865685
no_action,no_action,no_action,0.051180298505047246,41.32227555497869
no_action,no_action,no_action,0.06247698210480856,43.56853119395831
no_action,no_action,no_action,0.07348073983434844,45.312899062841744
strengthen,no_action,no_action,0.10186367033404824,48.87366665132644
strengthen,no_action,no_action,0.09626296701074587,48.081221266522306
no_action,no_action,no_action,0.07265389676947209,45.218370120084636
strengthen,no_action,no_action,0.08465380932295744,46.70379655806247
no_action,no_action,no_action,0.0523022189170641,41.5260375396571
strengthen,strengthen,no_action,0.11538817178709326,51.244218642547565
strengthen,strengthen,no_action,0.10734845935848492,49.62620078713906
no_action,no_action,no_action,0.05342374822304297,41.743548697342256
no_action,no_action,no_action,0.06651717548316383,44.16461751243798
no_action,no_action,no_action,0.07929871361902263,46.044739514636774
strengthen,strengthen,no_action,0.10826919272325232,49.88262119501399
strengthen,no_action,no_action,0.10283469561698945,49.02850433693129
no_action,no_action,no_action,0.07837372794927988,45.94285392714542
strengthen,no_action,no_action,0.09084087197736372,47.543882573974116
no_action,no_action,no_action,0.054032029900359484,41.96316830708135
replace,replace,strengthen,0.1569684795431964,63.625361240832405
replace,strengthen,strengthen,0.15145140099865567,60.271437826450295
no_action,no_action,no_action,0.06408949934535647,43.93180886436902
strengthen,no_action,no_action,0.10205656363400165,48.95034395632557
strengthen,strengthen,no_action,0.12313545345002844,52.847572397897636
replace,replace,strengthen,0.15269092370693696,60.80296126237678
replace,strengthen,no_action,0.14734828723481938,59.032497160657215
strengthen,strengthen,no_action,0.12238625831049953,52.63637790685226
replace,strengthen,no_action,0.13744043666757694,55.95508508165012
no_action,no_action,no_action,0.06831493756787756,44.387049422375966
replace,replace,strengthen,0.1581888519250114,64.36134629142998
replace,replace,strengthen,0.15291934050353323,60.88020577252443
no_action,no_action,no_action,0.06408361226818815,43.92080109444738
strengthen,no_action,no_action,0.10340705045133121,49.12969339629439
strengthen,strengthen,no_action,0.12446147224563064,53.1747469539312
replace,replace,strengthen,0.15335149479709373,61.431890334436964
replace,strengthen,no_action,0.1493837120587715,59.59427105686643
strengthen,strengthen,no_action,0.12346905305848539,52.955541680192674
replace,strengthen,no_action,0.13850560965418462,56.400130178257655
no_action,no_action,no_action,0.06833845140257144,44.393309305437384
replace,replace,strengthen,0.158771524316329,64.75725551628575
replace,replace,strengthen,0.1531568003999948,61.206637409468
no_action,no_action,no_action,0.06401296672888146,43.90875213198384
strengthen,no_action,no_action,0.10362323756439125,49.2216049809163
strengthen,strengthen,no_action,0.12557361703383318,53.34739086252392
replace,replace,strengthen,0.15387773138925215,61.76933264803721
replace,strengthen,no_action,0.15038834981297092,59.895037644734494
strengthen,strengthen,no_action,0.12396185645969619,53.123810627879834
replace,strengthen,no_action,0.13923765884412376,56.63714719827799
no_action,no_action,no_action,0.06832669450092554,44.39069079560568
strengthen,no_action,no_action,0.08502109634897918,46.73845294099078
no_action,no_action,no_action,0.07543296111240527,45.55734058186175
no_action,no_action,no_action,0.04272423758591126,39.80320271814661
no_action,no_action,no_action,0.052373116075912995,41.57052208996495
no_action,no_action,no_action,0.058360952831046475,42.942963887219875
no_action,no_action,no_action,0.07715539132710403,45.74452103346284
no_action,no_action,no_action,0.07229575680546861,45.121037198689436
no_action,no_action,no_action,0.058201712520829285,42.86858996965098
no_action,no_action,no_action,0.06497738920622986,44.037300633608126
no_action,no_action,no_action,0.04370691999607323,39.96351951224307
replace,strengthen,no_action,0.14496686451017726,58.56001722595539
replace,strengthen,no_action,0.1375153802950688,56.01060329929582
no_action,no_action,no_action,0.06311802522701794,43.590380030705035
strengthen,no_action,no_action,0.089573778077792,47.40511330696289
strengthen,strengthen,no_action,0.11000533560732598,50.367509055688735
replace,strengthen,no_action,0.1385397301815032,56.41462959401865
replace,strengthen,no_action,0.13460953342673002,55.06884876365754
strengthen,strengthen,no_action,0.10935403902535627,50.2069740314255
strengthen,strengthen,no_action,0.1227930803799887,52.72961907861225
no_action,no_action,no_action,0.06409538641466228,43.93642150964471
replace,replace,strengthen,0.15504008227193172,62.632286852305725
replace,strengthen,no_action,0.14905618082676209,59.44596436882618
no_action,no_action,no_action,0.06408949934535647,43.92285286594031
strengthen,no_action,no_action,0.10078996576590729,48.69060371232575
strengthen,strengthen,no_action,0.1204472844884965,52.393081399618076
replace,strengthen,no_action,0.15053460875113991,59.95092672638225
replace,strengthen,no_action,0.14383905849034542,58.26893555469601
strengthen,strengthen,no_action,0.1192090490080889,52.1924406359324
replace,strengthen,no_action,0.13579218343904542,55.3453066917876
no_action,no_action,no_action,0.0682326381572862,44.3553443233031
strengthen,strengthen,no_action,0.1212369452498714,52.472054334611784
strengthen,strengthen,no_action,0.1116125597508346,50.71711419970346
no_action,no_action,no_action,0.05453394692095326,42.16740476623695
no_action,no_action,no_action,0.07068741718158213,44.793352816676546
strengthen,no_action,no_action,0.08584196086926685,46.832577259814606
strengthen,strengthen,no_action,0.11326027283502005,50.99523379132914
strengthen,strengthen,no_action,0.10903225377346705,50.06883860406918
strengthen,no_action,no_action,0.08498284962636522,46.72206976074121
strengthen,no_action,no_action,0.09868976178496132,48.45858300134959
no_action,no_action,no_action,0.05631479253113313,42.40560934862502
replace,strengthen,no_action,0.1442257422661993,58.344780680906986
replace,strengthen,no_action,0.13708852110510453,55.82671817382575
no_action,no_action,no_action,0.06245931261438464,43.55923260972394
strengthen,no_action,no_action,0.08881687165371613,47.327054200800845
strengthen,strengthen,no_action,0.1096844891740514,50.25301988569744
replace,strengthen,no_action,0.13790212896229578,56.22577595490155
strengthen,strengthen,no_action,0.13379293869016137,54.89654486526004
strengthen,strengthen,no_action,0.10907055602853004,50.09445904100939
strengthen,strengthen,no_action,0.1216574860956502,52.58608185893218
no_action,no_action,no_action,0.06398941796417357,43.90101864332997
strengthen,strengthen,no_action,0.12258245526845585,52.669669269805674
strengthen,strengthen,no_action,0.11214957289267995,50.8919632687569
no_action,no_action,no_action,0.05468155873221747,42.231343191314416
no_action,no_action,no_action,0.0716381123752774,44.891356211047786
strengthen,no_action,no_action,0.08699905579580852,46.95703438316459
strengthen,strengthen,no_action,0.1151661119138483,51.17369075176762
strengthen,strengthen,no_action,0.10952268713227503,50.23527795296251
strengthen,no_action,no_action,0.08617376573930531,46.84509333152643
strengthen,no_action,no_action,0.10050918196503278,48.604133396383915
no_action,no_action,no_action,0.05649771998509323,42.47263786978544
no_action,no_action,no_action,0.058431724459199086,42.96745657847995
no_action,no_action,no_action,0.0542564233745122,42.076989962984804
no_action,no_action,no_action,0.03336647896400036,37.73881872212732
no_action,no_action,no_action,0.038713404982275594,39.07123971269471
no_action,no_action,no_action,0.0440623678959039,40.105953804643484
no_action,no_action,no_action,0.054663845575062986,42.21810942713721
no_action,no_action,no_action,0.05342965427257029,41.74805123506477
no_action,no_action,no_action,0.04391426806485033,40.04988167048384
no_action,no_action,no_action,0.04958497546436291,40.930998374905116
no_action,no_action,no_action,0.03360421373698097,37.85968508335258
replace,replace,replace,0.16500599165105198,70.95958868647318
replace,replace,strengthen,0.1608015862860787,66.2302508028273
no_action,no_action,no_action,0.05905682458461924,43.18988383328967
strengthen,strengthen,no_action,0.10972579182524689,50.26647599070747
replace,strengthen,no_action,0.13697066756934356,55.761923510741134
replace,replace,strengthen,0.1620742794671141,66.97974732108214
replace,replace,strengthen,0.15824529902417034,64.48323147579114
replace,strengthen,no_action,0.13626184706617683,55.464120017961555
replace,strengthen,no_action,0.15117856440228172,60.1437997921613
no_action,no_action,no_action,0.06378336090663883,43.83181453687164
replace,strengthen,no_action,0.1369366196453012,55.73500773322507
strengthen,strengthen,no_action,0.12670751868339838,53.57815587876138
no_action,no_action,no_action,0.058703005193689865,43.07041474281587
no_action,no_action,no_action,0.0818321342778442,46.29775042775182
strengthen,no_action,no_action,0.10105316177835176,48.80399262619569
strengthen,strengthen,no_action,0.1295893248828623,53.919969679146014
strengthen,strengthen,no_action,0.12288186777392174,52.781413931367034
strengthen,no_action,no_action,0.1007256074946686,48.66817699376043
strengthen,strengthen,no_action,0.1118958841988327,50.80238187562814
no_action,no_action,no_action,0.0607231419741997,43.36317230476672
strengthen,strengthen,no_action,0.12380767073617883,53.06066984684998
strengthen,strengthen,no_action,0.1153803364967896,51.23732199635723
no_action,no_action,no_action,0.05557795948397104,42.35434416266429
no_action,no_action,no_action,0.07220768513146825,45.08265189124945
strengthen,no_action,no_action,0.08850826690174095,47.20136547646373
strengthen,strengthen,no_action,0.11648673170911211,51.52628271329764
strengthen,strengthen,no_action,0.11101385724408085,50.56377656291804
strengthen,no_action,no_action,0.08764821394398185,47.0865503856861
strengthen,no_action,no_action,0.10191335809534766,48.89075305997327
no_action,no_action,no_action,0.05682225005829144,42.60183397991524
strengthen,strengthen,no_action,0.1119194251399529,50.81302632346705
strengthen,no_action,no_action,0.10397926113214538,49.241249940518685
no_action,no_action,no_action,0.05240856422935147,41.58387684767783
no_action,no_action,no_action,0.06409538641466228,43.93575372736744
no_action,no_action,no_action,0.07720228664242945,45.76214355998864
strengthen,no_action,no_action,0.10556953449161453,49.490342087343016
strengthen,no_action,no_action,0.10069928443473064,48.66063510894041
no_action,no_action,no_action,0.07686814658746878,45.66316976952864
strengthen,no_action,no_action,0.08855237247726086,47.21844247996099
no_action,no_action,no_action,0.05358320879231415,41.79721992956433
strengthen,strengthen,no_action,0.11106388491305275,50.59196423635158
strengthen,no_action,no_action,0.10286097822956768,49.043525225471726
no_action,no_action,no_action,0.05225495351340347,41.49984703660937
no_action,no_action,no_action,0.06375392339784859,43.8168037925485
no_action,no_action,no_action,0.07553853750682658,45.616075811510946
strengthen,no_action,no_action,0.10441110736797281,49.28891890973303
strengthen,no_action,no_action,0.09870146394046972,48.471531228574534
no_action,no_action,no_action,0.07530978544428257,45.51857156099191
strengthen,no_action,no_action,0.08755708024327287,47.050751942066775
no_action,no_action,no_action,0.05332925035811309,41.710022449777696
replace,strengthen,no_action,0.14070684686188717,57.306459015237195
strengthen,strengthen,no_action,0.13388731689060768,54.93631064795031
no_action,no_action,no_action,0.06081743447298005,43.38943252292156
strengthen,no_action,no_action,0.08695787517572562,46.93592756313825
strengthen,strengthen,no_action,0.10758312950812624,49.69001836560751
replace,strengthen,no_action,0.1357346528273349,55.31192727605628
strengthen,strengthen,no_action,0.1300137276609569,54.060776882449645
strengthen,no_action,no_action,0.10602172772670734,49.540771583172145
strengthen,strengthen,no_action,0.11774628567373216,51.886033361697145
no_action,no_action,no_action,0.0634536495797624,43.71114161760634
replace,strengthen,no_action,0.13938270003137365,56.707274394596396
strengthen,strengthen,no_action,0.1312828601588904,54.41996097572391
no_action,no_action,no_action,0.060446146106317156,43.276637778747606
strengthen,no_action,no_action,0.08463908486520723,46.69918541644597
strengthen,no_action,no_action,0.10492184265432984,49.35702276377299
strengthen,strengthen,no_action,0.13340335291941066,54.782450077957584
strengthen,strengthen,no_action,0.1266092726170055,53.57502647367077
strengthen,no_action,no_action,0.10361157855430009,49.21299204700451
strengthen,strengthen,no_action,0.11636332252208166,51.47628864515359
no_action,no_action,no_action,0.06252410039984191,43.58710337634568
no_action,no_action,no_action,0.04627438158439845,40.28929414902607
no_action,no_action,no_action,0.042184913777220674,39.56761363907517
no_action,no_action,no_action,0.02748683357945403,36.05173378588663
no_action,no_action,no_action,0.03202898430252488,37.131597133045666
no_action,no_action,no_action,0.03446489917682949,37.97018330858213
no_action,no_action,no_action,0.04244569391056041,39.6819842006227
no_action,no_action,no_action,0.04041402596709032,39.30102456681003
no_action,no_action,no_action,0.03436389310631705,37.924739531499185
no_action,no_action,no_action,0.03770450902474898,38.638842386685305
no_action,no_action,no_action,0.027653535757290352,36.14969017828486
replace,strengthen,no_action,0.1373868917242618,55.927465442321136
strengthen,strengthen,no_action,0.12864700034914803,53.74517807542412
no_action,no_action,no_action,0.058826845205642186,43.113520324734615
no_action,no_action,no_action,0.0832704290096733,46.37891561806268
strengthen,no_action,no_action,0.10196885760285819,48.91471365014783
strengthen,strengthen,no_action,0.13018096003017088,54.09102284768639
strengthen,strengthen,no_action,0.12343485041010585,52.93904023944932
strengthen,no_action,no_action,0.10096248648801386,48.77729635916551
strengthen,strengthen,no_action,0.11242950012961393,50.93666968025433
no_action,no_action,no_action,0.0608822593970999,43.409730343835705
strengthen,no_action,no_action,0.09839711724397877,48.34887504785241
strengthen,no_action,no_action,0.08747774680714758,47.02322683318619
no_action,no_action,no_action,0.047522270832968116,40.56493984040403
no_action,no_action,no_action,0.05672784376814132,42.54853077642951
no_action,no_action,no_action,0.06511863404737127,44.088921920592895
strengthen,no_action,no_action,0.08859646207314723,47.233313053660915
strengthen,no_action,no_action,0.08427994059343295,46.53353184651979
no_action,no_action,no_action,0.06428965529086805,44.00544666924962
no_action,no_action,no_action,0.07349247824509954,45.31717556037616
no_action,no_action,no_action,0.047924601720626514,40.744875026275515
strengthen,strengthen,no_action,0.1334023878985374,54.78127872036286
strengthen,strengthen,no_action,0.12281350050853454,52.74763255886541
no_action,no_action,no_action,0.05810734518306748,42.840124362184945
no_action,no_action,no_action,0.07820379251839915,45.883105183492084
strengthen,no_action,no_action,0.0975417524886329,48.24618348954276
strengthen,strengthen,no_action,0.12383502940256613,53.0699209541766
strengthen,strengthen,no_action,0.118094364679424,51.99640284428429
strengthen,no_action,no_action,0.09666392819865259,48.11812604368633
strengthen,strengthen,no_action,0.10911862808909417,50.130418893970486
no_action,no_action,no_action,0.058826845205642186,43.11615875503328
replace,replace,strengthen,0.15294121070320732,60.923317283167705
replace,strengthen,no_action,0.14270944084827286,58.01428229413408
no_action,no_action,no_action,0.06379513585511531,43.84205875596524
strengthen,no_action,no_action,0.09684541888174009,48.19489940628888
strengthen,strengthen,no_action,0.11659350132901114,51.575171552091234
replace,strengthen,no_action,0.144553106123903,58.47530065429433
replace,strengthen,no_action,0.13981389618267082,56.939683592603295
strengthen,strengthen,no_action,0.11592150904141273,51.39199141109349
strengthen,strengthen,no_action,0.13072287577368008,54.27048149481012
no_action,no_action,no_action,0.0672926922907855,44.236912945536346
replace,replace,no_action,0.18986543607082715,69.98166085706791
replace,replace,strengthen,0.1594053603068841,65.44894341069222
no_action,no_action,no_action,0.06072903531440288,43.3664710005773
strengthen,strengthen,no_action,0.10915794609601832,50.14885651034031
replace,strengthen,no_action,0.1358866943453554,55.415832874163954
replace,replace,strengthen,0.16067188758801135,66.16727989412246
replace,replace,strengthen,0.15712811254081768,63.77455575270833
replace,strengthen,no_action,0.13483798880656422,55.13041044918108
replace,strengthen,no_action,0.14942345774401555,59.61553430326579
no_action,no_action,no_action,0.06420723923758476,43.98171367747547
strengthen,strengthen,no_action,0.13055733134049774,54.21139635799243
strengthen,strengthen,no_action,0.11945135073496074,52.24911009847335
no_action,no_action,no_action,0.05708775693494195,42.68925275037732
no_action,no_action,no_action,0.0755619985831234,45.625456484676036
strengthen,no_action,no_action,0.09466021180616373,47.90561523496543
strengthen,strengthen,no_action,0.12158509956127565,52.560089511556654
strengthen,strengthen,no_action,0.11647792710165453,51.524240760545105
strengthen,no_action,no_action,0.09346096129391722,47.78205127817162
strengthen,strengthen,no_action,0.10765192092404688,49.723733506378665
no_action,no_action,no_action,0.05838454349978373,42.95560119707177
replace,replace,strengthen,0.15450714637987317,62.3250668769117
replace,strengthen,no_action,0.14777883945406947,59.18963840129484
no_action,no_action,no_action,0.06404240250785587,43.9144720963534
strengthen,no_action,no_action,0.10051210003292145,48.60606933609
strengthen,strengthen,no_action,0.11945135073496074,52.249408650067814
replace,strengthen,no_action,0.14958627544837125,59.68653517279392
replace,strengthen,no_action,0.14302989056215942,58.03140985425361
strengthen,strengthen,no_action,0.11836827616508454,52.05197265070136
replace,strengthen,no_action,0.1349903285160601,55.15447908644006
no_action,no_action,no_action,0.06822088097302192,44.34005551984778
replace,strengthen,no_action,0.14958627544837125,59.68626818953923
replace,strengthen,no_action,0.13988001654835228,56.9689717789349
no_action,no_action,no_action,0.06351841625080623,43.73085938230768
strengthen,no_action,no_action,0.09380372376848013,47.796798196947464
strengthen,strengthen,no_action,0.11247958250363053,50.95427186202216
replace,strengthen,no_action,0.1408897031471227,57.399603772021486
replace,strengthen,no_action,0.13745310957548137,55.965201385826056
strengthen,strengthen,no_action,0.1117401171841006,50.783165381177625
strengthen,strengthen,no_action,0.12598604525297896,53.47193014403863
no_action,no_action,no_action,0.06572971687924856,44.09968817813804
replace,strengthen,no_action,0.13900591322155104,56.510558368933694
strengthen,strengthen,no_action,0.1306625620668649,54.25003595585642
no_action,no_action,no_action,0.06035184567369534,43.2372330600705
strengthen,no_action,no_action,0.0844536378127536,46.61969284061759
strengthen,no_action,no_action,0.10399091796569973,49.24639928337008
strengthen,strengthen,no_action,0.1329405331291376,54.60827927018953
strengthen,strengthen,no_action,0.12586024044407546,53.41499806217985
strengthen,no_action,no_action,0.10332524048830474,49.10405557973055
strengthen,strengthen,no_action,0.1158088698967973,51.3408424779946
no_action,no_action,no_action,0.062406303718359084,43.54406221433911
replace,replace,strengthen,0.16607180957172527,69.14243365551143
replace,replace,strengthen,0.15878241321616673,64.77535376484592
no_action,no_action,no_action,0.06166498510870644,43.49983365152009
strengthen,strengthen,no_action,0.10897335391321289,50.03437274883585
replace,strengthen,no_action,0.13471197535339074,55.1088797824601
replace,replace,strengthen,0.15941327710676612,65.46744032189082
replace,replace,strengthen,0.1557683585610796,63.16215268693475
strengthen,strengthen,no_action,0.13352482415130223,54.8338874523107
replace,strengthen,no_action,0.14769448542981511,59.15511294718001
no_action,no_action,no_action,0.06511863404737127,44.09259372402573
strengthen,strengthen,no_action,0.13410974713557136,54.97129934228095
strengthen,strengthen,no_action,0.12338804307989229,52.91348316570087
no_action,no_action,no_action,0.05823709975264435,42.88822359856138
no_action,no_action,no_action,0.0784557633878128,45.96737044212925
strengthen,no_action,no_action,0.09842052327720133,48.3585340854328
strengthen,strengthen,no_action,0.12473955712152132,53.239601979264314
strengthen,strengthen,no_action,0.11864769086184163,52.153325037772476
strengthen,no_action,no_action,0.09721114755850276,48.22895466861781
strengthen,strengthen,no_action,0.10972086810499122,50.265163748511064
no_action,no_action,no_action,0.05899195981878658,43.16753867787563
strengthen,no_action,no_action,0.08963251404300507,47.433209577364806
no_action,no_action,no_action,0.08036397956528572,46.19129399895619
no_action,no_action,no_action,0.04415122542163641,40.14093528581189
no_action,no_action,no_action,0.05408517675221348,41.99923559307738
no_action,no_action,no_action,0.06152947865478164,43.44233017700579
no_action,no_action,no_action,0.08328797793741324,46.388110429687956
no_action,no_action,no_action,0.07713780545467874,45.732529881989656
no_action,no_action,no_action,0.0607231419741997,43.364127518179835
no_action,no_action,no_action,0.07011759019141552,44.593002966821295
no_action,no_action,no_action,0.046298058157567934,40.30950512807122
no_action,no_action,no_action,0.06842074883484761,44.4266070296055
no_action,no_action,no_action,0.061494128460519375,43.43135765853795
no_action,no_action,no_action,0.03756205820796144,38.58270626171274
no_action,no_action,no_action,0.044003128556711076,40.071915547927276
no_action,no_action,no_action,0.050389064784810526,41.22838624691482
no_action,no_action,no_action,0.06311802522701794,43.5890828955082
no_action,no_action,no_action,0.058667621695184136,43.063712138329265
no_action,no_action,no_action,0.05020579256678236,41.16571600719364
no_action,no_action,no_action,0.05445128215408302,42.1505152468875
no_action,no_action,no_action,0.037906306535522516,38.71779517790504
replace,strengthen,no_action,0.13973403667680345,56.905398150436426
strengthen,strengthen,no_action,0.13280564830925645,54.590899864855295
no_action,no_action,no_action,0.060552231684487756,43.315137556867064
strengthen,no_action,no_action,0.08513880110159414,46.77836239278721
strengthen,no_action,no_action,0.10549953052661003,49.46778830748072
strengthen,strengthen,no_action,0.13394563084195105,54.957697173321776
strengthen,strengthen,no_action,0.12863829801598572,53.73592326204485
strengthen,no_action,no_action,0.10452793215450455,49.322045776404245
strengthen,strengthen,no_action,0.11668553097038772,51.612241799807045
no_action,no_action,no_action,0.06324167927672286,43.629293058008166
replace,replace,strengthen,0.16168065447297952,66.59858732392846
replace,replace,strengthen,0.15517404356993564,62.71544111882343
no_action,no_action,no_action,0.06370682297490915,43.79754695199448
strengthen,strengthen,no_action,0.10732096206635307,49.60796749229407
strengthen,strengthen,no_action,0.13028017133804862,54.12014799362077
replace,replace,strengthen,0.1559379945585518,63.33083478115086
replace,replace,strengthen,0.15318860839952086,61.28100534008904
strengthen,strengthen,no_action,0.1294704631569804,53.87562866949869
replace,strengthen,no_action,0.14190743389772523,57.718001788816125
no_action,no_action,no_action,0.06817385192194203,44.32462089699101
replace,replace,strengthen,0.15429766718299462,62.02790287930422
replace,strengthen,no_action,0.14694487368396747,58.94126888145445
no_action,no_action,no_action,0.06399530516714524,43.90381929320778
strengthen,no_action,no_action,0.09974344466565853,48.52240449041601
strengthen,strengthen,no_action,0.11846402852048304,52.10904506591634
replace,strengthen,no_action,0.14902806502779503,59.43043279645305
replace,strengthen,no_action,0.14210103440351435,57.801065034235684
strengthen,strengthen,no_action,0.11782363775544212,51.91468162475252
strengthen,strengthen,no_action,0.13409611939236218,54.968905925376944
no_action,no_action,no_action,0.06816209458066612,44.32277965989917
replace,replace,replace,0.16500599165105198,75.70369949960434
replace,replace,no_action,0.1898229629551407,69.9686112692211
no_action,no_action,no_action,0.05413832296535703,42.02843429695536
strengthen,strengthen,no_action,0.11109333208669113,50.609948536733505
replace,strengthen,no_action,0.1406387129740084,57.27406879378254
replace,replace,replace,0.16500599165105198,70.87749719919886
replace,replace,strengthen,0.16332823184842868,67.85006735731662
replace,strengthen,no_action,0.1397496114886113,56.912933821313516
replace,replace,strengthen,0.15501725017227194,62.587803550495494
no_action,no_action,no_action,0.05740634412604695,42.80687925339745
strengthen,strengthen,no_action,0.10861223532355828,49.90207333557468
strengthen,no_action,no_action,0.09858144089993032,48.42486235687785
no_action,no_action,no_action,0.050389064784810526,41.22819257392582
no_action,no_action,no_action,0.061517695288167536,43.43856956197021
no_action,no_action,no_action,0.0724073117263242,45.155075256671765
strengthen,no_action,no_action,0.10068171501664248,48.6589679573869
strengthen,no_action,no_action,0.09457523777344903,47.879180023877815
no_action,no_action,no_action,0.07213722652189393,45.062056191455575
strengthen,no_action,no_action,0.08426522856701968,46.5237564356141
no_action,no_action,no_action,0.051434431314205005,41.42869994012035
strengthen,strengthen,no_action,0.1247736862358669,53.254395508535396
strengthen,strengthen,no_action,0.11603481263481692,51.40813958867707
no_action,no_action,no_action,0.05633249551892106,42.41355832597732
no_action,no_action,no_action,0.07248363714637628,45.17614380506422
strengthen,no_action,no_action,0.0887992368588761,47.3214763581089
strengthen,strengthen,no_action,0.11705115729517876,51.70073073310053
strengthen,strengthen,no_action,0.11163317617686803,50.726131905148875
strengthen,no_action,no_action,0.08851416626166764,47.20521876031703
strengthen,no_action,no_action,0.10284346352889762,49.03208896894273
no_action,no_action,no_action,0.05701695666125883,42.664157541086354
strengthen,strengthen,no_action,0.1139352784333141,51.03032718517923
strengthen,no_action,no_action,0.10541198514976886,49.435366534774964
no_action,no_action,no_action,0.053211125187960895,41.66504443231669
no_action,no_action,no_action,0.06499504505896525,44.051612342609396
no_action,no_action,no_action,0.07825067191535817,45.904942082724816
strengthen,strengthen,no_action,0.10757722448884398,49.68813288043304
strengthen,no_action,no_action,0.10176145956982585,48.84618742542143
no_action,no_action,no_action,0.07729607576993058,45.80450839322699
strengthen,no_action,no_action,0.08954150079835285,47.38272193600464
no_action,no_action,no_action,0.053772191652431085,41.88153440146017
replace,replace,strengthen,0.15547767156541117,62.95059037125736
replace,strengthen,no_action,0.1497422184967776,59.71105962276728
no_action,no_action,no_action,0.06408949934535647,43.928728334402614
strengthen,no_action,no_action,0.10095956876929307,48.77609565145417
strengthen,strengthen,no_action,0.12155976329295191,52.54040085777588
replace,strengthen,strengthen,0.15137741208983355,60.224454325473744
replace,strengthen,no_action,0.1447580653652667,58.514375654021705
strengthen,strengthen,no_action,0.12021284738558441,52.336409602424204
replace,strengthen,no_action,0.13658771097045208,55.54192523581352
no_action,no_action,no_action,0.06827966658032236,44.36844194840444
replace,strengthen,no_action,0.1478418621166789,59.224724503394484
replace,strengthen,no_action,0.13912960649888834,56.577002916423595
no_action,no_action,no_action,0.06333000147480183,43.6778448317517
strengthen,no_action,no_action,0.09193717822219517,47.639677603771716
strengthen,strengthen,no_action,0.1116125597508346,50.71630595785365
replace,strengthen,no_action,0.13993835649791792,56.99660882312042
replace,strengthen,no_action,0.13668615967873599,55.598933491305026
strengthen,strengthen,no_action,0.11051067717360555,50.54958056078814
strengthen,strengthen,no_action,0.12445953438276852,53.16950103657106
no_action,no_action,no_action,0.06497738920622986,44.037229976782434
strengthen,strengthen,no_action,0.10999845932759364,50.36675063730767
strengthen,no_action,no_action,0.10145053416164551,48.84183043052467
no_action,no_action,no_action,0.05141670159169153,41.41273104537822
no_action,no_action,no_action,0.06335944181432539,43.69449619760487
no_action,no_action,no_action,0.0751983378152632,45.46643958054509
strengthen,no_action,no_action,0.10326972789283631,49.08349689921843
strengthen,no_action,no_action,0.0979337923155205,48.27852428937324
no_action,no_action,no_action,0.07367441960214392,45.370416294630054
strengthen,no_action,no_action,0.08654083939236008,46.87932481935775
no_action,no_action,no_action,0.05309299686333213,41.61971416338119
strengthen,strengthen,no_action,0.1288495123099048,53.83034641425792
strengthen,strengthen,no_action,0.11782363775544212,51.91483128293032
no_action,no_action,no_action,0.056786847935868405,42.58283330619313
no_action,no_action,no_action,0.07511035084729434,45.44905257182067
strengthen,no_action,no_action,0.092599442943895,47.67486369739966
strengthen,strengthen,no_action,0.11937506787492617,52.21839849612502
strengthen,strengthen,no_action,0.11535006108377086,51.20723921867296
strengthen,no_action,no_action,0.09086728457912115,47.554244889732296
strengthen,no_action,no_action,0.10545578017068762,49.44964708720373
no_action,no_action,no_action,0.05811914121055907,42.84283333288336
replace,replace,strengthen,0.1526471745075889,60.66484140559008
replace,strengthen,no_action,0.1420932454195001,57.79649858021446
no_action,no_action,no_action,0.06376569842495348,43.822518941409854
strengthen,no_action,no_action,0.09635961476400338,48.114471185513594
strengthen,strengthen,no_action,0.11609742991515024,51.44745940799288
replace,strengthen,no_action,0.1437972896348131,58.25106812328186
replace,strengthen,no_action,0.13944013570979183,56.73693158039721
strengthen,strengthen,no_action,0.11542146006905683,51.266841627470164
strengthen,strengthen,no_action,0.1302159241560775,54.1050668157778
no_action,no_action,no_action,0.06723976809849452,44.211849831548804
replace,strengthen,no_action,0.15122405325090443,60.16533989189834
replace,strengthen,no_action,0.1408498449779011,57.3746943812915
no_action,no_action,no_action,0.063647946738566,43.77924017011825
strengthen,no_action,no_action,0.09477442164481342,47.95493254405148
strengthen,strengthen,no_action,0.11532558127873889,51.19763719486298
replace,strengthen,no_action,0.1421389514758052,57.81695060094457
replace,strengthen,no_action,0.13810459555535817,56.34382880097511
strengthen,strengthen,no_action,0.11391862361072876,51.0219119663818
strengthen,strengthen,no_action,0.12872481920889187,53.78325566273886
no_action,no_action,no_action,0.06591210780406431,44.15802491338357
strengthen,no_action,no_action,0.10347419930340784,49.161061360362666
strengthen,no_action,no_action,0.09342576300481953,47.757668982921736
no_action,no_action,no_action,0.04897077024837249,40.920628328604195
no_action,no_action,no_action,0.05859095647573931,43.020549234302386
no_action,no_action,no_action,0.07027620924162148,44.65127838708951
strengthen,no_action,no_action,0.09544484432123539,47.98007595119411
strengthen,no_action,no_action,0.08860233031530405,47.23925527108212
no_action,no_action,no_action,0.07005884094363125,44.56290763371464
no_action,no_action,no_action,0.07839716680252629,45.95156437289301
no_action,no_action,no_action,0.050069811502878814,41.11111602020422
replace,replace,strengthen,0.15386779638940015,61.73989507111449
replace,strengthen,no_action,0.1454539946840275,58.700143087863985
no_action,no_action,no_action,0.06395998183137841,43.89109308687746
strengthen,no_action,no_action,0.09863115145192732,48.43952789411579
strengthen,strengthen,no_action,0.11805134283844262,51.97169199591043
replace,strengthen,no_action,0.14776039730899262,59.1818772299059
replace,strengthen,no_action,0.14126524192583076,57.57725747579998
strengthen,strengthen,no_action,0.11731812704668304,51.78028068632184
strengthen,strengthen,no_action,0.1334130635092893,54.788115234111594
no_action,no_action,no_action,0.06812682236842305,44.30368998253813
replace,strengthen,no_action,0.14708069360511966,58.99974588805243
replace,strengthen,no_action,0.13837889744338444,56.38554856075986
no_action,no_action,no_action,0.06328878466920718,43.649713813175275
strengthen,no_action,no_action,0.09118092980662056,47.56138364083405
strengthen,strengthen,no_action,0.11106486098404236,50.59905711069271
replace,strengthen,no_action,0.13953738276479696,56.79984160622237
replace,strengthen,no_action,0.13589544226627923,55.41986301072561
strengthen,strengthen,no_action,0.11012210793779417,50.43444271560479
strengthen,strengthen,no_action,0.12372866378704578,53.021190936873154
no_action,no_action,no_action,0.06428376848102524,44.00454858516609
replace,replace,strengthen,0.1575336191347752,63.98479574097776
replace,strengthen,strengthen,0.15239446511187313,60.569059872278146
no_action,no_action,no_action,0.06408949934535647,43.928293274062185
strengthen,no_action,no_action,0.1028551470260112,49.03931943775346
strengthen,strengthen,no_action,0.12368665517824108,53.00837338791544
replace,replace,strengthen,0.15301179180215563,61.1103792289943
replace,strengthen,no_action,0.14842430453469502,59.30728566085965
strengthen,strengthen,no_action,0.1229013707181888,52.79328660470446
replace,strengthen,no_action,0.1377998150321118,56.173157202243495
no_action,no_action,no_action,0.06833257295567408,44.39192386747502
strengthen,no_action,no_action,0.10057933858170386,48.6291579462613
strengthen,no_action,no_action,0.08871107721567564,47.27705206926433
no_action,no_action,no_action,0.04781218941457144,40.689868756478326
no_action,no_action,no_action,0.05716445595107245,42.71304876191685
no_action,no_action,no_action,0.06806803471996427,44.284183468586996
strengthen,no_action,no_action,0.09007254468825862,47.49133124999816
strengthen,no_action,no_action,0.08513880110159414,46.777583611431936
no_action,no_action,no_action,0.06721036549458458,44.19904219454737
no_action,no_action,no_action,0.07540363388573212,45.53695094220519
no_action,no_action,no_action,0.048255905612996426,40.873395139725204
no_action,no_action,no_action,0.08260401472379664,46.35588308206239
no_action,no_action,no_action,0.07261867118161558,45.20726093156964
no_action,no_action,no_action,0.04229159841068175,39.611408719739366
no_action,no_action,no_action,0.051203939381886276,41.33011241611117
no_action,no_action,no_action,0.05701695666125883,42.664800887029855
no_action,no_action,no_action,0.07372723987546004,45.38929239638878
no_action,no_action,no_action,0.07065217229298326,44.78295944460849
no_action,no_action,no_action,0.056798648674860945,42.59247285788151
no_action,no_action,no_action,0.06351252841093669,43.72903446081671
no_action,no_action,no_action,0.04265312171344416,39.7673154964079
replace,replace,no_action,0.18266779135888334,68.40492602280644
replace,replace,strengthen,0.15781415673059476,64.18099323468408
no_action,no_action,no_action,0.063141578646703,43.602856529852986
strengthen,strengthen,no_action,0.10873762684032034,49.923202078698274
strengthen,strengthen,no_action,0.13352289416386276,54.83137348373675
replace,replace,strengthen,0.15881903951562096,64.85039410980184
replace,replace,strengthen,0.15503412607202047,62.620670754349305
strengthen,strengthen,no_action,0.1322329359645783,54.5653950384413
replace,strengthen,no_action,0.14554426383534277,58.74497647721071
no_action,no_action,no_action,0.06655246768499334,44.17618671121699
strengthen,no_action,no_action,0.09619259166744383,48.057286226218835
strengthen,no_action,no_action,0.08509764492484322,46.75874981267812
no_action,no_action,no_action,0.04717907738642512,40.43254597032951
no_action,no_action,no_action,0.05620267196156725,42.37556903746119
no_action,no_action,no_action,0.06394820732322071,43.88445651579981
strengthen,no_action,no_action,0.0870255107662187,46.96453940621539
no_action,no_action,no_action,0.08180872320334542,46.27906993631306
no_action,no_action,no_action,0.06370682297490915,43.80268847786978
no_action,no_action,no_action,0.07221942812327853,45.08759024213615
no_action,no_action,no_action,0.04761102343359668,40.60880117012259
replace,strengthen,no_action,0.1357980306249434,55.35217974810909
strengthen,strengthen,no_action,0.1247541997746689,53.245351075182136
no_action,no_action,no_action,0.058467109847960115,42.981312649414264
no_action,no_action,no_action,0.07959745655481054,46.13379776057834
strengthen,no_action,no_action,0.10045655337375654,48.58191347796217
strengthen,strengthen,no_action,0.12671531790912705,53.579237296418015
strengthen,strengthen,no_action,0.12122621608703411,52.467087711279724
strengthen,no_action,no_action,0.09866337732893526,48.44924777444891
strengthen,strengthen,no_action,0.11048907531546119,50.53395471883829
no_action,no_action,no_action,0.0604284649286858,43.26728037800804
strengthen,strengthen,no_action,0.12991444673963168,54.02107133308467
strengthen,strengthen,no_action,0.11842397828421135,52.08224060316568
no_action,no_action,no_action,0.056934354907946516,42.63665379837757
no_action,no_action,no_action,0.07540949934673435,45.537760607715605
strengthen,no_action,no_action,0.09378320075364933,47.79066424637137
strengthen,strengthen,no_action,0.12043358765826571,52.389502828303954
strengthen,strengthen,no_action,0.11585392594221182,51.36603574735849
strengthen,no_action,no_action,0.09229180060201939,47.668577269825484
strengthen,no_action,no_action,0.10702472262961439,49.587050251799084
no_action,no_action,no_action,0.05826069108299281,42.89981853839056
replace,replace,strengthen,0.16317004825078585,67.74523898452385
replace,replace,strengthen,0.1569813651430044,63.64739832191319
no_action,no_action,no_action,0.06334766570210637,43.683556665402634
strengthen,strengthen,no_action,0.10783869328894836,49.815228330406
strengthen,strengthen,no_action,0.13274815754055075,54.576881834738934
replace,replace,strengthen,0.15795986082842367,64.29681635558984
replace,replace,strengthen,0.1543383883823878,62.133654323741375
strengthen,strengthen,no_action,0.1309278498663436,54.318843332901366
replace,strengthen,no_action,0.1442714069719467,58.373656615121135
no_action,no_action,no_action,0.06730445313602186,44.239771891388685
replace,replace,strengthen,0.1623552502629273,67.14702167147585
replace,replace,strengthen,0.1557683585610796,63.161904999142145
no_action,no_action,no_action,0.06357140645579118,43.74723157001341
strengthen,strengthen,no_action,0.10761453545549456,49.71023232903115
strengthen,strengthen,no_action,0.1309745737981558,54.34090158397097
replace,replace,strengthen,0.15713405914072903,63.79345874815253
replace,replace,strengthen,0.1537566147910569,61.68980128857073
strengthen,strengthen,no_action,0.13017902737952752,54.08996124235169
replace,strengthen,no_action,0.14303960142293656,58.03323413766227
no_action,no_action,no_action,0.06807979231246142,44.28814634757109
replace,replace,strengthen,0.15948056990576334,65.61854292196936
replace,replace,strengthen,0.1540455333867517,61.91429160457443
no_action,no_action,no_action,0.0638893343106679,43.867936744773644
strengthen,no_action,no_action,0.10537401435265252,49.41067369161523
strengthen,strengthen,no_action,0.12860615649173274,53.71497996377917
replace,replace,strengthen,0.15488427237425348,62.501334343628656
replace,strengthen,strengthen,0.15204872813882184,60.545939669715565
strengthen,strengthen,no_action,0.12600757133074733,53.48172554051873
replace,strengthen,no_action,0.14040045759062222,57.14708217077972
no_action,no_action,no_action,0.06827966658032236,44.37072861816516
replace,strengthen,strengthen,0.15188598923521207,60.41233436803119
replace,strengthen,no_action,0.14127982539034648,57.583424125232725
no_action,no_action,no_action,0.06370682297490915,43.80155196436405
strengthen,no_action,no_action,0.09586183860527672,48.03450053575979
strengthen,strengthen,no_action,0.11574021804123727,51.32166845665279
replace,strengthen,no_action,0.14303279951283265,58.0317444672334
replace,strengthen,no_action,0.13906629665418554,56.53842353736828
strengthen,strengthen,no_action,0.11487061557455505,51.14353372156047
strengthen,strengthen,no_action,0.12964392135326608,53.9427403699222
no_action,no_action,no_action,0.06717508211073854,44.18553052271775
replace,strengthen,no_action,0.14357183057546485,58.13233154394722
replace,strengthen,no_action,0.13676607048233722,55.64498270509184
no_action,no_action,no_action,0.06233562419922301,43.52712785131659
strengthen,no_action,no_action,0.0886287993002227,47.24899203587277
strengthen,strengthen,no_action,0.10913140846199972,50.13926871819956
replace,strengthen,no_action,0.13756018208577475,56.0391730421481
strengthen,strengthen,no_action,0.13322922126001333,54.726155037991134
strengthen,strengthen,no_action,0.10884464524827232,49.982641894276945
strengthen,strengthen,no_action,0.12068854828698003,52.443873537890745
no_action,no_action,no_action,0.06387755961380327,43.8647450039632
strengthen,strengthen,no_action,0.13280564830925645,54.59137193211885
strengthen,strengthen,no_action,0.12164282522496925,52.581693509811444
no_action,no_action,no_action,0.0573709466838238,42.79095123680892
no_action,no_action,no_action,0.07727849046118662,45.79806870486108
strengthen,no_action,no_action,0.09671073435361216,48.133296716402604
strengthen,strengthen,no_action,0.12328192054187277,52.90018354317106
strengthen,strengthen,no_action,0.11766708574534829,51.83931748778107
strengthen,no_action,no_action,0.09579150811435845,48.00674850431641
strengthen,strengthen,no_action,0.1088888513663573,49.99532527698453
no_action,no_action,no_action,0.058667621695184136,43.06373239885412
replace,strengthen,no_action,0.14251985900664482,57.9224637325838
replace,strengthen,no_action,0.13626379062791022,55.46522887325785
no_action,no_action,no_action,0.061653202104033245,43.494083169122845
strengthen,no_action,no_action,0.08842891899993294,47.170887271991155
strengthen,strengthen,no_action,0.10894091307585259,50.02617178454814
replace,strengthen,no_action,0.13715186383642425,55.854646803824366
strengthen,strengthen,no_action,0.13221447219512789,54.55752532237514
strengthen,strengthen,no_action,0.10824858781349153,49.87144121936322
strengthen,strengthen,no_action,0.12014634966285584,52.30287508062532
no_action,no_action,no_action,0.0637715859267115,43.82761283879771
replace,strengthen,no_action,0.13805788717315814,56.31510889483652
strengthen,strengthen,no_action,0.13015662526701338,54.08100670382856
no_action,no_action,no_action,0.059663121270792104,43.19691772674968
strengthen,no_action,no_action,0.08429757838268218,46.53984446041097
strengthen,no_action,no_action,0.10341875264879448,49.135850845899284
strengthen,strengthen,no_action,0.13133935563097765,54.43506299136433
strengthen,strengthen,no_action,0.12477955434905738,53.25572845087026
strengthen,no_action,no_action,0.10247560436206425,48.99517080736591
strengthen,strengthen,no_action,0.11534616647432291,51.20581489623688
no_action,no_action,no_action,0.06166498510870644,43.50016076554948
no_action,no_action,no_action,0.06362439602386316,43.7682713227122
no_action,no_action,no_action,0.058054262669469114,42.82146289144749
no_action,no_action,no_action,0.03492830940692838,38.20880584665751
no_action,no_action,no_action,0.04231530575883258,39.62553209547011
no_action,no_action,no_action,0.04790093620896729,40.725714863872675
no_action,no_action,no_action,0.05843762204368308,42.97151129994483
no_action,no_action,no_action,0.05649771998509323,42.47171147399429
no_action,no_action,no_action,0.04774710730238241,40.66609492028632
no_action,no_action,no_action,0.05304574465021605,41.60296185067691
no_action,no_action,no_action,0.037010018181058646,38.33731969307581
replace,strengthen,no_action,0.1403284072290101,57.105075754743524
strengthen,strengthen,no_action,0.13332542578909837,54.762974400607305
no_action,no_action,no_action,0.06068778176768941,43.35273558773796
strengthen,no_action,no_action,0.08650257332236891,46.85726338472017
strengthen,no_action,no_action,0.10670991070693726,49.57876381351447
replace,strengthen,no_action,0.1348477293567407,55.13414619114383
strengthen,strengthen,no_action,0.12952306975689534,53.89780121310833
strengthen,no_action,no_action,0.10540322608716053,49.43128313421738
strengthen,strengthen,no_action,0.11712255001558236,51.748792393595515
no_action,no_action,no_action,0.06331233717672768,43.67063775652145
replace,replace,strengthen,0.1710080860256002,72.13806389249031
replace,replace,strengthen,0.16236315026280954,67.16676199145292
no_action,no_action,no_action,0.058372748181167326,42.94759581338285
strengthen,strengthen,no_action,0.1100268999962102,50.38624302162948
replace,strengthen,no_action,0.13777740031772182,56.16285052473598
replace,replace,strengthen,0.1635932546444796,67.95460450930423
replace,replace,strengthen,0.15915175151066313,65.3303610585281
replace,strengthen,no_action,0.1371401607467953,55.849810706855735
replace,replace,strengthen,0.1526869465069962,60.76891387310931
no_action,no_action,no_action,0.06321223815085741,43.62236919721881
strengthen,strengthen,no_action,0.11772479658887752,51.86848857336054
strengthen,strengthen,no_action,0.10930397832655203,50.18182843097615
no_action,no_action,no_action,0.054032029900359484,41.964765157106065
no_action,no_action,no_action,0.06987671328962142,44.488544643680875
strengthen,no_action,no_action,0.08347746775189112,46.448428357775
strengthen,strengthen,no_action,0.11025632885812185,50.44912713859603
strengthen,no_action,no_action,0.1060713136426373,49.55877549219658
no_action,no_action,no_action,0.08256890778419002,46.34222040776341
strengthen,no_action,no_action,0.09580031825674354,48.01117059665969
no_action,no_action,no_action,0.054610705677823994,42.193701840959534
no_action,no_action,no_action,0.07188474056447447,44.992105462774155
no_action,no_action,no_action,0.06415425667527808,43.95368411620907
no_action,no_action,no_action,0.038298004967056605,38.89470768388518
no_action,no_action,no_action,0.04723233328388187,40.4485159627584
no_action,no_action,no_action,0.05316387423664959,41.655152103826815
no_action,no_action,no_action,0.06580620431545936,44.11825116615984
no_action,no_action,no_action,0.06248287191921809,43.57009085079036
no_action,no_action,no_action,0.053016211760712806,41.58976335140688
no_action,no_action,no_action,0.05688715321267746,42.617281260292614
no_action,no_action,no_action,0.038654064499891956,39.035656493637205
replace,strengthen,no_action,0.1458063340624829,58.778260726085236
replace,strengthen,no_action,0.13783094062375556,56.1968166242412
no_action,no_action,no_action,0.063200461645467,43.62054889266108
strengthen,no_action,no_action,0.09006668030183453,47.48320948815212
strengthen,strengthen,no_action,0.11034961610367847,50.4828240085357
replace,strengthen,no_action,0.13917535164769565,56.60591900051507
replace,strengthen,no_action,0.1353125392508565,55.243230128934925
strengthen,strengthen,no_action,0.1098298812932103,50.32027206387495
strengthen,strengthen,no_action,0.12324195046360542,52.87461096898908
no_action,no_action,no_action,0.06418369151074022,43.9709379469692
strengthen,strengthen,no_action,0.11621174685969757,51.45501962976199
strengthen,strengthen,no_action,0.10783771542769742,49.81404752816249
no_action,no_action,no_action,0.05360683209143047,41.8195670453091
no_action,no_action,no_action,0.06803864060133324,44.274982706109455
no_action,no_action,no_action,0.08034641185389624,46.18177733318895
strengthen,strengthen,no_action,0.1090401096614243,50.07410568153638
strengthen,no_action,no_action,0.1035998982136717,49.20787177012774
no_action,no_action,no_action,0.07941587013678053,46.0784463309571
strengthen,no_action,no_action,0.09266986393905746,47.70218820409248
no_action,no_action,no_action,0.054173753419282655,42.04230232065934
strengthen,strengthen,no_action,0.12320289626802539,52.865816245260554
strengthen,strengthen,no_action,0.11421112394563956,51.06531308311432
no_action,no_action,no_action,0.055394975585932656,42.29362989906537
no_action,no_action,no_action,0.07186712472401713,44.98775471529177
strengthen,no_action,no_action,0.08764234317154361,47.07992298084219
strengthen,strengthen,no_action,0.11582945121512152,51.350653417075634
strengthen,strengthen,no_action,0.11004061159286657,50.40020648679003
strengthen,no_action,no_action,0.08704019137365487,46.96654640601509
strengthen,no_action,no_action,0.10090694623931432,48.748144261481265
no_action,no_action,no_action,0.05668654038190279,42.53801892140079
no_action,no_action,no_action,0.05386668005439588,41.91658659233767
no_action,no_action,no_action,0.0500166003846052,41.09587200780373
no_action,no_action,no_action,0.03196953077103015,37.09751839676163
no_action,no_action,no_action,0.036387496811240094,38.325568186241675
no_action,no_action,no_action,0.04031320549668804,39.27923105389781
no_action,no_action,no_action,0.05037724099966534,41.225937302084404
no_action,no_action,no_action,0.04804292738306803,40.79269970833251
no_action,no_action,no_action,0.04021238273793437,39.22755116215344
no_action,no_action,no_action,0.04388464750540866,40.03964823284814
no_action,no_action,no_action,0.032219230270332126,37.20891705417448
replace,strengthen,no_action,0.13659259946392524,55.54328790248478
strengthen,strengthen,no_action,0.1258475404512088,53.411582799142046
no_action,no_action,no_action,0.05859685384756764,43.02635149188146
no_action,no_action,no_action,0.08044596128773841,46.21605964709861
strengthen,no_action,no_action,0.10079580146277953,48.69308154991453
strengthen,strengthen,no_action,0.12865576086434583,53.749411389995394
strengthen,strengthen,no_action,0.1223481087297649,52.62413007178258
strengthen,no_action,no_action,0.10039221027045603,48.5588493929044
strengthen,strengthen,no_action,0.11133946237400537,50.66817156486582
no_action,no_action,no_action,0.060552231684487756,43.31569579133404
replace,strengthen,no_action,0.1376985304453634,56.12078903570011
strengthen,strengthen,no_action,0.1295591264745657,53.912758221830195
no_action,no_action,no_action,0.058962475519292346,43.1556836622957
strengthen,no_action,no_action,0.08349512583586458,46.45959933192915
strengthen,no_action,no_action,0.10282594875025713,49.02531101478423
strengthen,strengthen,no_action,0.1307004776053415,54.26268276685321
strengthen,strengthen,no_action,0.12392098169724497,53.09711074613146
strengthen,no_action,no_action,0.10190169145302759,48.88627267480661
strengthen,strengthen,no_action,0.11422193073873593,51.07111913633944
no_action,no_action,no_action,0.06155893693362079,43.45538793565278
strengthen,no_action,no_action,0.08768050305208352,47.0961794584999
no_action,no_action,no_action,0.07820379251839915,45.88405137841975
no_action,no_action,no_action,0.04375431469463597,39.97881126527348
no_action,no_action,no_action,0.05355367949098744,41.79254001046275
no_action,no_action,no_action,0.05968080729068958,43.20102179280149
no_action,no_action,no_action,0.07941001238521683,46.07614714278468
no_action,no_action,no_action,0.07508688735813807,45.43629077538353
no_action,no_action,no_action,0.05884453635239062,43.12469483439314
no_action,no_action,no_action,0.06817385192194203,44.324095553827
no_action,no_action,no_action,0.04415714919340875,40.143337939074485
replace,strengthen,no_action,0.15046870785129218,59.92344371876503
replace,strengthen,no_action,0.14044130474699837,57.16997784113095
no_action,no_action,no_action,0.0635890697159167,43.755655198173095
strengthen,no_action,no_action,0.09456646055139631,47.87571502785091
strengthen,strengthen,no_action,0.1142297697257998,51.07521728398418
replace,strengthen,no_action,0.14151295128972663,57.606341902907246
replace,strengthen,no_action,0.1377647587516622,56.15284643227229
strengthen,strengthen,no_action,0.11227783571311838,50.90183323408486
strengthen,strengthen,no_action,0.12791870921026308,53.626387684100166
no_action,no_action,no_action,0.06584738930799272,44.12939341092181
strengthen,strengthen,no_action,0.13123909891118177,54.401453491043455
strengthen,strengthen,no_action,0.12050897081439002,52.415556481713
no_action,no_action,no_action,0.057211654683772976,42.7406723891838
no_action,no_action,no_action,0.07705573711837731,45.712205307198445
strengthen,no_action,no_action,0.09582665475459727,48.01979953359238
strengthen,strengthen,no_action,0.1227930803799887,52.7302776817467
strengthen,strengthen,no_action,0.11700709588374121,51.68196532325488
strengthen,no_action,no_action,0.0946308998592659,47.89474882242958
strengthen,strengthen,no_action,0.10823975162000728,49.85979388726712
no_action,no_action,no_action,0.05856146949845453,43.01022561117903
replace,replace,strengthen,0.17333482763743827,73.63286244231703
replace,strengthen,strengthen,0.1882321927000326,68.34701514342954
no_action,no_action,no_action,0.05680454903253718,42.59544811489231
strengthen,strengthen,no_action,0.11040067289844345,50.50475518089094
replace,strengthen,no_action,0.1392561476198933,56.64686156969363
replace,replace,replace,0.16500599165105198,69.1847062207033
replace,replace,strengthen,0.1608826514848707,66.39442101331858
replace,strengthen,no_action,0.1380549735369351,56.31401502190274
replace,replace,strengthen,0.15340118979635317,61.54436085522751
no_action,no_action,no_action,0.060546338108159015,43.312915920974696
replace,replace,strengthen,0.1602301805945933,66.09128829585144
replace,replace,strengthen,0.1544942360800655,62.30127983143082
no_action,no_action,no_action,0.0637892483848087,43.83713368956392
strengthen,no_action,no_action,0.10562497640531904,49.50819057653561
strengthen,strengthen,no_action,0.1295591264745657,53.91214587199668
replace,replace,strengthen,0.1554588159656921,62.90191320086345
replace,replace,strengthen,0.15292828740339998,60.901249171775525
strengthen,strengthen,no_action,0.12850586250299678,53.673491374023165
replace,strengthen,no_action,0.14092957565172637,57.42370470014784
no_action,no_action,no_action,0.06822675956907977,44.35156570097936
strengthen,strengthen,no_action,0.12796656560526135,53.639086113645185
strengthen,strengthen,no_action,0.11711963195278861,51.74676185227198
no_action,no_action,no_action,0.0566629382735594,42.52774505117455
no_action,no_action,no_action,0.07363333672837102,45.35926340676341
strengthen,no_action,no_action,0.0908790583768266,47.558126952805104
strengthen,strengthen,no_action,0.11834081119294278,52.04665382028147
strengthen,strengthen,no_action,0.11416803164595028,51.0477365047555
strengthen,no_action,no_action,0.08965892503434986,47.43896845993083
strengthen,no_action,no_action,0.1044899693571925,49.31142329188479
no_action,no_action,no_action,0.05734734823143129,42.78459729442601
strengthen,strengthen,no_action,0.12593826376056144,53.44715072181873
strengthen,strengthen,no_action,0.1166052722208446,51.577907785621576
no_action,no_action,no_action,0.05649771998509323,42.47133848040687
no_action,no_action,no_action,0.07338683141952596,45.268319839751825
strengthen,no_action,no_action,0.08965892503434986,47.44036309629033
strengthen,strengthen,no_action,0.11772771351708504,51.87414186889502
strengthen,strengthen,no_action,0.11214469577276404,50.88740868896054
strengthen,no_action,no_action,0.08880805426610366,47.322658020241946
strengthen,no_action,no_action,0.10350636906714951,49.172273881235185
no_action,no_action,no_action,0.057188055380455134,42.72505780914167
strengthen,strengthen,no_action,0.11948647624233072,52.27278633510896
strengthen,strengthen,no_action,0.11050774833257851,50.54059748155004
no_action,no_action,no_action,0.05434499661152558,42.10172763794027
no_action,no_action,no_action,0.07039370114704901,44.69363254256761
strengthen,no_action,no_action,0.08465380932295744,46.7064202041212
strengthen,strengthen,no_action,0.11192235179654104,50.81511149316077
strengthen,strengthen,no_action,0.10860730993293936,49.900726218448156
strengthen,no_action,no_action,0.08442715454099814,46.59734533921728
strengthen,no_action,no_action,0.0980127836098313,48.31134618722709
no_action,no_action,no_action,0.05554254383681389,42.33684410389358
no_action,no_action,no_action,0.07837372794927988,45.94294028772206
no_action,no_action,no_action,0.07081664602354944,44.828606610940994
no_action,no_action,no_action,0.041189903944214956,39.39980083067873
no_action,no_action,no_action,0.04991608874992126,41.06719807567666
no_action,no_action,no_action,0.05617316607572353,42.36204365262996
no_action,no_action,no_action,0.07193171579397382,45.00520410333197
no_action,no_action,no_action,0.06838547869513846,44.41697130003717
no_action,no_action,no_action,0.05538907275342698,42.29187474754604
no_action,no_action,no_action,0.06082922089365572,43.39450790619064
no_action,no_action,no_action,0.042161205732720315,39.551053504680894
replace,replace,strengthen,0.155916168358877,63.28115894524179
replace,strengthen,no_action,0.15070784841523707,59.98585752426645
no_action,no_action,no_action,0.06408949934535647,43.931822925245655
strengthen,no_action,no_action,0.10182279469070371,48.86264088871599
strengthen,strengthen,no_action,0.12271797555883573,52.691751108200215
replace,strengthen,strengthen,0.15200730425833364,60.50809065761095
replace,strengthen,no_action,0.14578009954029286,58.76857184654795
strengthen,strengthen,no_action,0.12126524983421764,52.48424800796255
replace,strengthen,no_action,0.13694732131228202,55.744948721048814
no_action,no_action,no_action,0.0682914236075759,44.37910650102828
