a_opt,u_opt,stress_meas,strength_meas,SCF_meas
no_action,0.002082999999999946,65.17522349400663,,2.841446230513806
no_action,0.0,61.27254310820109,,1.0
no_action,1.999999999946489e-6,42.15414919487506,,2.1414477372105467
no_action,0.00012999999999996348,50.90877334493399,,2.973416109438701
replace,0.08500000089406967,57.56679418821392,,6.850542385165653
no_action,2.9999999999752447e-6,47.82309062601128,,2.1691021512207205
strengthen,0.06244699922877923,46.817779155494335,,6.27706802023809
no_action,1.999999999946489e-6,45.27865447844762,,1.8672541330529
no_action,0.0008249999999999647,47.499103277732104,,3.663105468862617
no_action,0.005835999999999952,54.653024670696325,,3.608747530067084
strengthen,0.0702909989657886,61.55047296319149,,4.880225512267623
replace,0.08500100089410695,76.32478539125665,,5.138557807240076
no_action,1.3000000000040757e-5,50.39569909221597,,2.44712711053583
no_action,1.8999999999991246e-5,57.33854588050383,,2.2206981423627528
no_action,6.399999999995298e-5,59.45824393906364,,2.3968576238246295
no_action,0.0,48.44305605472264,,1.0
strengthen,0.03634200010401751,49.865566429358964,,4.813021740741614
no_action,0.0010580000000000034,63.70127106583577,,2.780745472684511
strengthen,0.04063399996011707,64.40791257814541,,4.074073151176085
strengthen,0.04162499992689117,64.78300731908976,,4.092179155833305
no_action,1.0000000000287557e-6,43.89142967685631,,1.8656982107702684
no_action,7.500000000004725e-5,58.49543910531762,,2.482489391094664
strengthen,0.03709600007873772,62.72824716752415,,3.938512832520713
no_action,0.0,51.40743721079705,,1.0
no_action,0.0,58.26057476751806,,1.0323698043048806
no_action,1.0000000000287557e-6,51.65208208325685,,1.60173169128185
no_action,1.0000000000287557e-6,38.5299734036105,,1.929311325695127
no_action,0.00013399999999996748,70.22412950724564,,2.16012795486993
no_action,4.0000000000040004e-5,55.3215757344554,,2.468479700298262
no_action,1.0000000000287557e-6,52.13325695521452,,1.4989174676491241
no_action,0.003369999999999984,49.3152081866692,,3.8699685126951553
no_action,0.004106999999999972,49.031271481992604,,3.938947860925813
no_action,0.003453999999999957,57.11152609096769,,3.345994517826225
no_action,0.006642000000000037,56.436289189393094,,3.5238974931935743
no_action,1.999999999946489e-6,34.54089575860403,,2.593360955912227
no_action,0.0,55.54410541540529,,1.0267185427907313
no_action,2.9999999999752447e-6,46.08267383077093,,2.1446489234923605
no_action,0.00040799999999996395,54.205133167856,,3.0420817772605826
no_action,1.8999999999991246e-5,61.00011472050173,,2.082367517949461
no_action,2.9999999999752447e-6,69.41813403513694,,1.394800540347506
no_action,1.0000000000287557e-6,53.52713526935686,,1.439792513677767
no_action,1.0000000000287557e-6,62.42262509513805,,1.2003706711188558
no_action,1.999999999946489e-6,59.705923446488576,,1.4760292963952975
no_action,0.010087999999999986,56.212656479164366,,3.6357942472994202
no_action,0.004970999999999948,68.71153195498563,,2.8415869021807545
no_action,0.0010310000000000041,54.4293919604676,,3.2489677085705653
no_action,0.0,44.84423768854949,,1.1866012887970059
no_action,0.0,40.641551642615056,,1.0
no_action,0.0,56.660547982004694,,1.0
no_action,0.00011899999999998023,66.48225053845462,,2.2630189457824863
no_action,0.0,62.12491656803157,,1.0
replace,0.08500100089410695,73.88398107754782,,6.535891094813891
no_action,0.0,48.13743398233654,,1.0
strengthen,0.07564799878618123,52.37024204454307,,5.811140976579821
no_action,1.8999999999991246e-5,49.5931380416596,,2.6318931059862805
no_action,0.02217199999999997,63.04259052384941,,3.434916183235449
no_action,1.8999999999991246e-5,59.21359906660384,,2.145526377622066
replace,0.08500000089406967,48.74076458182912,,7.702487416595987
strengthen,0.06556399912427369,53.069247114753715,,5.588258401898651
strengthen,0.08182899857894704,60.73273204851216,,5.079195643745039
no_action,0.024612999999999996,60.21148865104991,,3.6272087628174865
no_action,0.0,47.164410084024915,,1.0
strengthen,0.04416799984163041,61.83440966786809,,4.379425812705083
no_action,0.0,58.97173743130034,,1.0121776078756954
no_action,0.0008120000000000349,64.04790199436636,,2.7146636295182094
no_action,0.00011300000000002974,46.457768571715285,,3.2223339437744905
no_action,3.799999999998249e-5,43.361985362587106,,3.114429385168348
replace,0.08500000089406967,68.07893883727202,,4.96749704278833
replace,0.08500000089406967,45.69045765585406,,8.85783975501661
no_action,0.0,54.87617323909072,,1.0
no_action,0.003094999999999959,53.29888696164677,,3.562557256067011
no_action,0.0007350000000000412,67.50369578727359,,2.554663306119908
no_action,1.799999999996249e-5,66.97425147300437,,1.8860104025854703
no_action,0.0037169999999999703,65.58702667141307,,2.9257468281420964
strengthen,0.04861399969256671,60.46998205764472,,4.601782522314698
no_action,0.00018300000000004424,58.027635111577816,,2.6800343189324582
no_action,0.0006559999999999899,53.98010358523699,,3.1687396856423518
no_action,5.999999999950489e-6,57.79643403510698,,1.8570692820894843
no_action,0.010055999999999954,55.98950791076997,,3.6491489807906428
no_action,5.999999999950489e-6,39.69447186528835,,2.7537109008602187
no_action,8.000000000008e-6,56.885577564623695,,2.0737573767331217
no_action,0.010070000000000023,71.17120928457234,,2.8711658001686415
no_action,0.011715000000000031,50.65419249881078,,4.07712800606295
strengthen,0.0372860000723675,41.44754711472375,,5.995753479575452
no_action,3.900000000001125e-5,58.73242419464617,,2.3145964674817465
no_action,0.0004830000000000112,50.13294910134853,,3.3332818467229375
no_action,0.00017400000000000748,51.89394371856035,,2.982814342768865
replace,0.08500000089406967,36.981700072312876,,9.60441983190135
no_action,0.03488000000000002,55.098977486045165,,4.084206786387802
no_action,0.003229999999999955,55.76670366381553,,3.4135712426745264
no_action,2.9999999999752447e-6,44.38343061140606,,2.328868089542799
no_action,0.000492000000000048,59.9569078049267,,2.791147402003889
no_action,4.099999999995774e-5,53.754155058893,,2.548858606804482
no_action,0.00018899999999999473,72.3357077462502,,2.1572371740072724
replace,0.08500000089406967,66.02144346131121,,6.416327718907086
no_action,0.0,52.838046038282876,,1.1141401764494139
no_action,0.0,52.60510638234263,,1.0589459748176344
no_action,5.999999999950489e-6,51.159757703372115,,2.1556088906904574
no_action,1.999999999946489e-6,42.78674231258867,,2.2286361851504126
no_action,4.4000000000044004e-5,63.36657787212859,,2.1773462507194523
no_action,1.8999999999991246e-5,61.188266728377585,,2.1027039820127285
no_action,0.0,58.010901449745084,,1.0
no_action,0.0,42.445670634441576,,1.5620178711037889
no_action,5.999999999950489e-6,49.573243495146954,,2.20518966197356
strengthen,0.05753599939343333,54.99386782523351,,5.257757287447502
no_action,1.0000000000287557e-6,47.06103645722483,,1.583269534905032
no_action,0.030021999999999993,46.24256262773848,,4.80286552897491
no_action,0.0,44.98948504390111,,1.3519025959990725
no_action,1.8999999999991246e-5,46.797262320125974,,2.7429754971120395
no_action,6.20000000000065e-5,52.62162383400869,,2.7004717312251105
no_action,0.020704000000000056,58.23717790178398,,3.6987660940360336
strengthen,0.046024999779369635,70.26567695472741,,3.902470162204323
no_action,1.999999999946489e-6,49.15552434963972,,1.797461238455773
no_action,1.999999999946489e-6,54.808039579994066,,1.622946750012937
no_action,2.9999999999752447e-6,56.53379069119158,,1.7586648453427862
no_action,0.0,47.56578100005353,,1.0
no_action,0.0010890000000000066,48.72391710807383,,3.6458155295264225
no_action,1.3000000000040757e-5,59.98824909827399,,2.0556166497248225
no_action,0.0021609999999999685,60.56356093109003,,3.0648790348273365
no_action,0.002538999999999958,60.86894412629325,,3.079082396800845
no_action,0.0,43.8600766674772,,1.3507136018435602
no_action,2.9999999999752447e-6,55.74992361871219,,1.8247697197976283
no_action,0.0009120000000000239,59.196062179504096,,2.9585928875051204
no_action,0.0,49.979230431424064,,1.0
no_action,0.0,55.5587089358938,,1.0
no_action,0.0,50.178407931630446,,1.1496174690114784
no_action,0.0,39.49504973176481,,1.399357098997273
no_action,2.9999999999752447e-6,65.29883102667156,,1.5763719835210002
no_action,1.999999999946489e-6,53.16592434724235,,1.8139490965876652
no_action,0.0,50.57015621229145,,1.071660097928971
no_action,4.8000000000048004e-5,48.27584322083166,,2.9048886503564573
no_action,6.20000000000065e-5,48.04467629513361,,2.958933813649452
no_action,3.900000000001125e-5,54.623211532209744,,2.495287914523668
no_action,6.300000000003525e-5,54.073467747472,,2.634162626146132
no_action,1.0000000000287557e-6,36.24734416788823,,1.9104777286888042
no_action,0.0,53.34709677537329,,1.0
no_action,1.0000000000287557e-6,45.64407699632239,,1.564477367975956
no_action,8.000000000008e-6,52.2569731916206,,2.258572778647197
no_action,1.999999999946489e-6,57.78910401454181,,1.5166513550874123
no_action,0.0,64.64263021731819,,1.0
no_action,0.0,51.704981542621574,,1.026935200131188
no_action,0.0,58.94724012256211,,1.0
no_action,0.0,56.73543883793275,,1.0543368974146932
no_action,8.300000000005525e-5,53.89139728860695,,2.7216179159085243
no_action,3.6000000000036e-5,64.06735048817407,,2.1028131439401823
no_action,1.8999999999991246e-5,52.439553375143646,,2.4196394514947053
no_action,0.0,44.63580483229639,,1.0
no_action,0.0,41.214190095944076,,1.0
no_action,0.0,54.25604793099504,,1.0
no_action,2.9999999999752447e-6,62.25238214104813,,1.6555170190454056
no_action,0.0,58.704860874540316,,1.0
replace,0.08500100089410695,68.27849734695788,,5.0080701624270345
no_action,0.0,47.316958943111544,,1.0
no_action,0.03495199999999998,50.76309750390345,,4.433910755812433
no_action,1.999999999946489e-6,48.502119672870556,,1.9402945786910093
no_action,0.00014300000000000423,59.45198466539082,,2.5646752659993113
no_action,1.999999999946489e-6,56.334613190985195,,1.5651515472068769
strengthen,0.05271299955513699,47.808160248075325,,5.934887587001597
no_action,0.024839999999999973,51.332192131214825,,4.25763868893638
no_action,0.029849000000000014,57.57141454625289,,3.8556389941845617
no_action,0.00017900000000004024,57.14704449564954,,2.7149049540671
no_action,0.0,46.52477202434165,,1.0
no_action,0.004135,58.46834482748203,,3.3046336482785477
no_action,0.0,56.13770166191362,,1.0
no_action,9.99999999995449e-6,60.27045849487716,,2.0043939495335543
no_action,5.999999999950489e-6,45.94946019152561,,2.398885993438563
no_action,2.9999999999752447e-6,43.42902984456881,,2.3148597312450767
strengthen,0.03629700010552629,63.55232511867786,,3.767554590284211
replace,0.08500000089406967,45.324754394238056,,6.855297071422576
no_action,0.0,52.80330012904215,,1.0
no_action,4.099999999995774e-5,51.51915329738213,,2.6643689866217493
no_action,8.000000000008e-6,63.08399127804683,,1.880548175404139
no_action,1.999999999946489e-6,62.65294445513844,,1.3662387622527643
no_action,3.2999999999949736e-5,61.52353607871453,,2.168153076507561
no_action,0.0069909999999999695,57.35749677297592,,3.479497503772551
no_action,5.999999999950489e-6,55.36906123184581,,1.9775680407573253
no_action,1.3000000000040757e-5,52.07376546979964,,2.3571405490308415
no_action,1.0000000000287557e-6,55.180828991400816,,1.3441203321816078
no_action,8.399999999997299e-5,53.70972099357349,,2.7320608443690473
no_action,1.0000000000287557e-6,40.44312557026123,,2.0346560857837326
no_action,1.0000000000287557e-6,54.439255652816,,1.5100438700853425
no_action,4.899999999996574e-5,66.06989555235441,,2.125770446552791
no_action,0.000132000000000021,49.3659766269661,,3.0672753145999065
no_action,0.0036599999999999966,41.870390905297455,,4.580027814913024
no_action,1.999999999946489e-6,55.94286491032419,,1.6952415978319948
no_action,1.0999999999983245e-5,48.94160657636275,,2.4853724523201253
no_action,5.999999999950489e-6,50.37531946070202,,2.2124938728185213
strengthen,0.05366399952325226,38.234523775657756,,7.451139702276064
no_action,0.00034800000000001496,52.98469609494797,,3.072828215504877
no_action,4.0000000000040004e-5,53.52832502766767,,2.548014431083149
no_action,1.0000000000287557e-6,44.26063898156751,,1.7062392293278694
no_action,6.999999999979245e-6,56.939777627468686,,2.0636833308673554
no_action,2.9999999999752447e-6,51.88980959040589,,1.8760600512762748
no_action,2.9999999999752447e-6,67.01797139085083,,1.5741503640473924
strengthen,0.07527499879868696,61.877216290319254,,4.913254813689378
no_action,0.0,51.14395989076983,,1.0
no_action,0.0,50.95431218672184,,1.0
no_action,1.0000000000287557e-6,49.77758228468289,,1.5728990470844693
no_action,1.0000000000287557e-6,42.960696003937784,,1.6290541622097274
no_action,1.999999999946489e-6,59.71575880248967,,1.5896068810116046
no_action,0.0,45.49200130524749,,1.0
no_action,0.0,44.33155251148674,,1.0
no_action,0.0,38.64676283820101,,1.0
no_action,0.0,41.24992067600783,,1.0
no_action,0.0,43.229660622050936,,1.0
no_action,0.0,40.33240337120216,,1.0
no_action,0.0,40.033477410583316,,1.0
no_action,0.0,39.57582390110752,,1.0
no_action,0.0,40.23606683058465,,1.0
no_action,0.0,42.36326112538751,,1.0
no_action,0.0,44.414194012478404,,1.0
no_action,0.0,48.807285770171475,,1.0
no_action,0.0,41.09735978482088,,1.0
no_action,0.0,43.16179176086428,,1.0
no_action,0.0,43.79207679884467,,1.0
no_action,0.0,40.51674799151443,,1.0
no_action,0.0,40.93972663315847,,1.0
no_action,0.0,45.05372654322684,,1.0
no_action,0.0,45.263844003412274,,1.0
no_action,0.0,45.37537715413044,,1.0
no_action,0.0,39.16333730509093,,1.0
no_action,0.0,43.50579004269336,,1.0
no_action,0.0,44.764401182840444,,1.0
no_action,0.0,41.39819668747358,,1.0
no_action,0.0,43.435953927369084,,1.0
no_action,0.0,41.47094101165096,,1.0
no_action,0.0,37.56912644229056,,1.0
no_action,0.0,46.993276406889024,,1.0
no_action,0.0,42.56205251971445,,1.0
no_action,0.0,41.614016730016765,,1.0
no_action,0.0,40.77607947383984,,1.0
no_action,0.0,40.691651856440075,,1.0
no_action,0.0,43.09428819539548,,1.0
no_action,0.0,42.89350878984002,,1.0
no_action,0.0,36.38298771614677,,1.0
no_action,0.0,42.6282209666038,,1.0
no_action,0.0,39.81489633218781,,1.0
no_action,0.0,42.23008210409303,,1.0
no_action,0.0,44.250546853159776,,1.0
no_action,0.0,46.75361638328396,,1.0
no_action,0.0,42.028481725453965,,1.0
no_action,0.0,44.67352549480382,,1.0
no_action,0.0,43.865723461450166,,1.0
no_action,0.0,42.82701236093074,,1.0
no_action,0.0,46.54351064811724,,1.0
no_action,0.0,42.29676469647823,,1.0
no_action,0.0,39.446651540065545,,1.0
no_action,0.0,38.196997079429224,,1.0
no_action,0.0,42.96019138222522,,1.0
no_action,0.0,45.880641369819244,,1.0
no_action,0.0,44.585002872651735,,1.0
no_action,0.0,48.08152087485714,,1.0
no_action,0.0,40.4258723034778,,1.0
no_action,0.0,41.684483443624885,,1.0
no_action,0.0,40.858720974831506,,1.0
no_action,0.0,44.857870115116086,,1.0
no_action,0.0,43.71933247466729,,1.0
no_action,0.0,40.60527061366651,,1.0
no_action,0.0,41.892330233617955,,1.0
no_action,0.0,44.17104152130853,,1.0
no_action,0.0,44.01605156260199,,1.0
no_action,0.0,40.13654694309141,,1.0
no_action,0.0,44.49862162987817,,1.0
no_action,0.0,43.6474157366311,,1.0
no_action,0.0,45.15679607573493,,1.0
no_action,0.0,39.926429482905974,,1.0
no_action,0.0,39.00590883154956,,1.0
no_action,0.0,46.355411227252006,,1.0
no_action,0.0,39.698272181070756,,1.0
no_action,0.0,42.429613596362216,,1.0
no_action,0.0,41.96061286426731,,1.0
no_action,0.0,46.184364654768686,,1.0
no_action,0.0,46.02693618122732,,1.0
no_action,0.0,45.61444958521073,,1.0
no_action,0.0,44.092913701497366,,1.0
no_action,0.0,43.36669010967648,,1.0
no_action,0.0,42.16317031990991,,1.0
no_action,0.0,43.29794325270029,,1.0
no_action,0.0,42.76065988995603,,1.0
no_action,0.0,37.9153861155411,,1.0
no_action,0.0,43.02710316640834,,1.0
no_action,0.0,47.274887370777144,,1.0
no_action,0.0,41.17422192371626,,1.0
no_action,0.0,38.436657103034285,,1.0
no_action,0.0,43.57625675630148,,1.0
no_action,0.0,41.019231965009716,,1.0
no_action,0.0,41.542857749687144,,1.0
no_action,0.0,37.10875261146111,,1.0
no_action,0.0,42.495863684523016,,1.0
no_action,0.0,42.69440980179523,,1.0
no_action,0.0,39.309632116499,,1.0
no_action,0.0,43.940352810310415,,1.0
no_action,0.0,42.09598529092276,,1.0
no_action,0.0,47.62114704402769,,1.0
no_action,0.0,45.7436219462527,,1.0
no_action,0.0,41.823583376641764,,1.0
no_action,0.0,41.75431955894916,,1.0
no_action,0.0,41.32455002486808,,1.0
no_action,0.0,38.83486225906624,,1.0
no_action,0.0,44.9542066557336,,1.0
no_action,0.0,52.071668092759325,,1.0
no_action,0.0,50.23116132180412,,1.0
no_action,0.0,41.214913520614466,,1.0
no_action,0.0,45.34360032877735,,1.0
no_action,1.999999999946489e-6,48.48352756642333,,1.9406810384376048
no_action,0.0,43.88839022296068,,1.0
no_action,1.0000000000287557e-6,43.414284637698046,,1.7544437302259597
no_action,0.0,42.68843237478874,,1.0
no_action,0.0,43.73559756528355,,1.0
no_action,0.0,47.10939184536887,,1.0
no_action,0.0,50.3622332337703,,1.3077745291526182
no_action,1.0000000000287557e-6,57.32980920001198,,1.3895115809942926
no_action,0.0,45.10163415610154,,1.0
no_action,0.0,48.375885506538694,,1.0
no_action,0.0,49.37553657797909,,1.0
no_action,0.0,44.180766348213346,,1.0
no_action,0.0,44.85162322539823,,1.2865858037589917
no_action,0.0,51.37655110752499,,1.0
no_action,0.0,51.709803733790324,,1.0558953527681771
no_action,0.0,51.88669867321931,,1.0614927745963352
no_action,0.0,42.03421619827271,,1.0
no_action,0.0,48.92147715203607,,1.0
no_action,0.0,50.91767236366031,,1.0140847772414592
no_action,0.0,45.57877055303906,,1.0
no_action,0.0,48.81071496778234,,1.0
no_action,0.0,45.69414524420757,,1.0
no_action,0.0,39.505749709195264,,1.0
no_action,0.0,54.45273566290439,,1.0
no_action,0.0,47.42468098973571,,1.0
no_action,0.0,45.921067646839525,,1.0
no_action,0.0,44.59207389724784,,1.0
no_action,0.0,44.45816915081237,,1.0142186715027788
no_action,0.0,48.26882281667513,,1.0
no_action,0.0,47.95038062656729,,1.0
no_action,0.0,37.62449793100616,,1.0
no_action,0.0,47.52962614128243,,1.0
no_action,0.0,43.06760845779883,,1.0
no_action,0.0,46.89816590264777,,1.0
no_action,0.0,50.10268390561991,,1.0
no_action,0.0,54.072627640435854,,1.0
no_action,0.0,46.57842162447945,,1.0
no_action,0.0,50.773540782804794,,1.0
no_action,0.0,49.4923424050974,,1.0
no_action,0.0,47.84491528564927,,1.0
no_action,0.0,53.73939361040368,,1.0
no_action,0.0,47.00392650445085,,1.0
no_action,0.0,42.4835611160169,,1.0
no_action,0.0,40.50157146811375,,1.0
no_action,0.0,48.05614122837037,,1.0
no_action,0.0,52.68806295150243,,1.0
no_action,0.0,50.63314123538004,,1.0
no_action,2.9999999999752447e-6,56.17872419640861,,1.83832045609635
no_action,0.0,44.03663476735783,,1.0
no_action,1.0000000000287557e-6,46.03282997898207,,1.6042522283928426
no_action,0.0,44.72314580921402,,1.0
no_action,0.0,51.06591690805746,,1.0
no_action,0.0,49.26016188681057,,1.0
no_action,2.9999999999752447e-6,44.3211658956381,,2.2197566371500144
no_action,1.0000000000287557e-6,46.36248125386842,,1.5328026243300994
no_action,1.0000000000287557e-6,49.97658605245654,,1.3706900041295604
no_action,0.0,49.73076730546557,,1.0
no_action,0.0,43.57775602349315,,1.0
no_action,0.0,50.49613798020577,,1.1506831832673905
no_action,0.0,49.14609977221122,,1.0
no_action,0.0,51.540022493320095,,1.0
no_action,0.0,43.24450339722782,,1.0
no_action,0.0,41.7845298932398,,1.0
no_action,1.0000000000287557e-6,53.441062258278045,,1.3353373207539134
no_action,5.999999999950489e-6,42.882639038258816,,2.6020092478023717
no_action,0.0,47.21462886466274,,1.0
no_action,0.0,46.470779564594814,,1.0
no_action,0.0,53.16977723777834,,1.0
no_action,0.0,52.92009093274543,,1.0
no_action,0.0,52.2658747562294,,1.0
no_action,0.0,49.8526729749166,,1.2201969387672922
no_action,0.0,48.70086046482552,,1.0
no_action,0.0,46.792041795743735,,1.0
no_action,0.0,48.591825877149724,,1.0
no_action,0.0,47.7396782663554,,1.0
no_action,0.0,40.054927989661245,,1.0
no_action,0.0,48.162265335274405,,1.0
no_action,0.0,54.899379141356896,,1.0
no_action,0.0,45.22353982555257,,1.056839541281351
no_action,0.0,40.881679490582286,,1.663632839417604
no_action,0.0,49.033239484178615,,1.0
no_action,0.0,44.9777210785616,,1.0
no_action,0.0,45.80820735880692,,1.0
no_action,5.999999999950489e-6,38.77558293460953,,2.8509379126679026
no_action,0.0,47.31970350172723,,1.0590277670508124
no_action,0.0,47.63460362929091,,1.0
no_action,0.0,42.26624417951571,,1.0
no_action,0.0,49.61070680224079,,1.0
no_action,0.0,46.68548431434301,,1.0
no_action,0.0,55.448557421822876,,1.0
no_action,1.999999999946489e-6,52.47074601500124,,1.7995361206045497
no_action,0.0,46.25344666619262,,1.0
no_action,0.0,46.1435921632358,,1.0
no_action,0.0,45.46196472592074,,1.0
no_action,0.0,41.513244872740096,,1.0
no_action,0.0,51.21870956573459,,1.0
no_action,1.999999999946489e-6,57.71498312823798,,1.5024556601382446
no_action,0.0,55.10115381700596,,1.0
no_action,0.0,42.29656480272602,,1.0984732307636564
no_action,1.0000000000287557e-6,48.15999479188731,,1.5794870705092383
no_action,0.011032000000000042,52.61921981534941,,3.908604783331849
no_action,0.0,46.0933515778498,,1.114261629746202
no_action,0.00031599999999998296,45.42004187047222,,3.5587347149663433
no_action,0.0,44.38920952018872,,1.0
no_action,1.999999999946489e-6,45.87636029399255,,1.9855177736987923
no_action,2.9999999999752447e-6,50.66771586981434,,1.9533293495421238
no_action,0.00011499999999997623,55.28729798706985,,2.712739476131558
no_action,0.002442999999999973,65.18242827194592,,2.868422523433825
no_action,0.0,47.81636211177583,,1.2738360413682588
no_action,0.0,52.466349977711246,,1.1437613107213505
no_action,0.0,53.88602270740152,,1.2448755771333044
no_action,0.0,46.50857487294979,,1.0
no_action,1.8999999999991246e-5,47.46130452159833,,2.6723059944337146
no_action,1.0000000000287557e-6,56.72780004398463,,1.4671063673303786
no_action,1.8999999999991246e-5,57.201074848687085,,2.2297599456075647
no_action,1.8999999999991246e-5,57.452295428249606,,2.2405542356701633
no_action,0.0,43.46011246657003,,1.0
no_action,1.0000000000287557e-6,53.24118191936405,,1.294235186395411
no_action,9.000000000036756e-6,56.07611501356644,,2.1490298537435812
no_action,0.0,48.49397608171719,,1.0
no_action,0.0,53.08388098010795,,1.0
no_action,0.0,48.6578275569248,,1.0
no_action,0.0,39.86926459471538,,1.0
no_action,0.0,61.09649973284094,,1.109136330903603
no_action,0.0,51.11547950756048,,1.2861509233457185
no_action,0.0,48.98009555220458,,1.0
no_action,2.9999999999752447e-6,47.09270080204887,,2.108269960329053
no_action,2.9999999999752447e-6,46.90253353036614,,2.149288674934341
no_action,1.999999999946489e-6,52.31430294299185,,1.7981646023739655
no_action,2.9999999999752447e-6,51.86206144974006,,1.9031437063642311
no_action,0.0,37.197570517172785,,1.3583308153963256
no_action,0.0,51.264519281558236,,1.0
no_action,0.0,44.92770336086911,,1.1003000159789085
no_action,1.0000000000287557e-6,50.36773948880352,,1.6196599620055203
no_action,0.0,54.91869426752039,,1.0647983130234395
no_action,0.0,60.55668238131494,,1.0
no_action,0.0,49.91364881140747,,1.0
no_action,0.0,55.87142391616893,,1.0
no_action,0.0,54.05190663647075,,1.0
no_action,2.9999999999752447e-6,51.712282919304386,,1.969341622758368
no_action,1.999999999946489e-6,60.083433986392706,,1.5025376421406351
no_action,1.999999999946489e-6,50.517937339378655,,1.7410566000680239
no_action,0.0,44.098257859669204,,1.0
no_action,0.0,41.28349905627777,,1.0
no_action,0.0,52.01225930031519,,1.0
no_action,1.0000000000287557e-6,58.590367546541046,,1.1679983120828754
no_action,0.0,55.672032934221015,,1.0
strengthen,0.03605800011353941,63.54769387725712,,3.7164821290505317
no_action,0.0,46.30388377555228,,1.0
no_action,0.0002929999999999877,49.13881686975466,,3.275475812107909
no_action,0.0,47.27884497211276,,1.3806538558089982
no_action,2.9999999999752447e-6,56.28664721126892,,1.8505942258485404
no_action,0.0,53.722171232193915,,1.1008007810315628
no_action,0.012055999999999956,46.7079658548977,,4.430510188810803
no_action,0.00018600000000001948,49.60697714951051,,3.1403284362809756
no_action,0.00017900000000004024,54.73961409792622,,2.8326131552448532
no_action,4.000000000004e-6,54.390510114026256,,1.9642580385271178
no_action,0.0,45.652198745134086,,1.0
no_action,3.500000000000725e-5,55.477465258752574,,2.4121499437111837
no_action,0.0,53.56018383657778,,1.0
no_action,1.0000000000287557e-6,56.9599569186465,,1.428684817673497
no_action,1.0000000000287557e-6,45.17892394043163,,1.7253994610811094
no_action,1.0000000000287557e-6,43.10551589946827,,1.6620524004307575
no_action,0.0004110000000000502,59.659753267065184,,2.7652886339946177
strengthen,0.035727000124637066,44.665015660880734,,5.141664914081651
no_action,0.0,50.81717014512475,,1.0
no_action,1.999999999946489e-6,49.760778973769305,,1.926000490263704
no_action,1.0000000000287557e-6,59.27448288965044,,1.3359361337365374
no_action,0.0,58.919886322548685,,1.0
no_action,1.999999999946489e-6,57.990789268929994,,1.5516348088926697
no_action,4.499999999996174e-5,54.563636677342885,,2.5454027512590054
no_action,1.0000000000287557e-6,52.927869101026225,,1.408576831406046
no_action,1.999999999946489e-6,50.21702539981916,,1.6939185350320654
no_action,0.0,52.7730216396082,,1.0
no_action,2.9999999999752447e-6,51.56282864399397,,1.9772505822726116
no_action,0.0,40.649190161535756,,1.4513799655900252
no_action,0.0,52.16297338929956,,1.0598970432417467
no_action,1.999999999946489e-6,61.73080862758295,,1.519782126380095
no_action,5.000000000032756e-6,47.98948867509246,,2.231580975070687
no_action,5.999999999994898e-5,41.823316407803766,,3.3875952744559386
no_action,0.0,53.399903236914135,,1.1975842879382774
no_action,1.999999999946489e-6,47.640384691192494,,1.7906761189008584
no_action,1.0000000000287557e-6,48.81981495254094,,1.5849818632495491
no_action,0.023482000000000003,38.8323049118616,,5.602922912851198
no_action,5.999999999950489e-6,50.96639381034587,,2.2358010017600822
no_action,1.999999999946489e-6,51.413604978772845,,1.8380010684382446
no_action,0.0,43.78963124257767,,1.205779843095842
no_action,1.0000000000287557e-6,54.22000399723141,,1.4731601810286827
no_action,0.0,50.065695846126864,,1.33257902933422
no_action,1.0000000000287557e-6,62.510734194403334,,1.10748572322684
no_action,0.017197000000000018,58.28174092944951,,3.6435772857673507
no_action,0.0,49.45212968809249,,1.0
no_action,0.0,49.29611780901077,,1.0
no_action,0.0,48.32809215264797,,1.1065560669791021
no_action,0.0,42.72024552205353,,1.1483046690653553
no_action,0.0,56.50363849512617,,1.1189714462010356
no_action,0.0,49.66156787847794,,1.0
no_action,0.0,48.09721396896754,,1.0
no_action,0.0,40.43377978905116,,1.0
no_action,0.0,43.94299119289817,,1.0
no_action,0.0,46.61179824501265,,1.2594196027910765
no_action,0.0,42.7061233616476,,1.0
no_action,0.0,42.30315340927877,,1.1340029172630808
no_action,0.0,41.686209291969256,,1.0
no_action,0.0,42.57625598210101,,1.0
no_action,0.0,45.443840255749826,,1.0
no_action,0.0,48.20861962155575,,1.0
no_action,0.0,54.13076827898451,,1.0
no_action,0.0,43.73733004882195,,1.0
no_action,0.0,46.5203069884383,,1.0
no_action,0.0,47.369968661208155,,1.0
no_action,0.0,42.954630860671436,,1.0
no_action,0.0,43.524831196311304,,1.0
no_action,0.0,49.07074746391675,,1.0
no_action,0.0,49.3539982821043,,1.0
no_action,0.0,49.50435159480889,,1.0
no_action,0.0,41.13015285710667,,1.0
no_action,0.0,46.98403710728327,,1.0
no_action,0.0,48.68071969097714,,1.0
no_action,0.0,44.142876064570395,,1.0
no_action,0.0,46.889893875268264,,1.0
no_action,0.0,44.24093973487917,,1.0
no_action,0.0,38.9810619112464,,1.0
no_action,0.0,51.685375897522455,,1.0
no_action,0.0,45.71182286434435,,1.0
no_action,0.0,44.43381430253346,,1.0
no_action,0.0,43.3042251042228,,1.0
no_action,0.0,43.19041166061367,,1.0
no_action,0.0,46.42930817219171,,1.0
no_action,0.0,46.15864560636495,,1.0
no_action,0.0,37.38207644679404,,1.0
no_action,0.0,45.8010218614342,,1.0
no_action,0.0,42.00849313096966,,1.0
no_action,0.0,45.264307023652954,,1.0
no_action,0.0,47.988013529467246,,1.0
no_action,0.0,51.362299948893195,,1.0
no_action,0.0,44.99253773734025,,1.0
no_action,0.0,48.55821386510711,,1.0
no_action,0.0,47.469248737320726,,1.0
no_action,0.0,46.06900447002872,,1.0
no_action,0.0,51.07906493672739,,1.0
no_action,0.0,45.3541991194136,,1.0
no_action,0.0,41.51207727590516,,1.0
no_action,0.0,39.827468828256094,,1.0
no_action,0.0,46.248537702125596,,1.0
no_action,0.0,50.18547777236898,,1.0
no_action,0.0,48.43888011183142,,1.0
no_action,0.0,53.15239408662488,,1.190452559564196
no_action,0.0,42.83212503480141,,1.0
no_action,0.0,44.52880761849528,,1.03308188677717
no_action,0.0,43.41563075681101,,1.0
no_action,0.0,48.80672136413095,,1.0
no_action,0.0,47.27190499089938,,1.0
no_action,0.0,43.073964613947126,,1.4478310308525912
no_action,0.0,44.80899743837619,,1.0
no_action,0.0,47.88083561918191,,1.0
no_action,0.0,47.671899947792504,,1.0
no_action,0.0,42.4420972618618,,1.0
no_action,0.0,48.32243306516488,,1.0
no_action,0.0,47.17495695587101,,1.0
no_action,0.0,49.20969131649978,,1.0
no_action,0.0,42.15884644367425,,1.0
no_action,0.0,40.91792992286192,,1.0
no_action,0.0,50.82549574350728,,1.0
no_action,1.0000000000287557e-6,41.85127684730061,,1.7066406457841719
no_action,0.0,45.53328732823854,,1.0
no_action,0.0,44.9010464807659,,1.0
no_action,0.0,50.59491480291663,,1.0
no_action,0.0,50.38269186867188,,1.0
no_action,0.0,49.826635433809294,,1.0
no_action,0.0,47.7755146769566,,1.0
no_action,0.0,46.796522134457646,,1.0
no_action,0.0,45.17410596373375,,1.0
no_action,0.0,46.70384728740236,,1.0
no_action,0.0,45.979557397540006,,1.0
no_action,0.0,39.44784052006363,,1.0
no_action,0.0,46.3387387620448,,1.0
no_action,0.0,52.06500420571492,,1.0
no_action,0.0,43.840944777986046,,1.0
no_action,0.0,40.15054477688535,,1.0729568637869207
no_action,0.0,47.07903042324509,,1.0
no_action,0.0,43.63200910659664,,1.0
no_action,0.0,44.33788776990754,,1.0
no_action,1.0000000000287557e-6,38.36045063915367,,1.8755518160045561
no_action,0.0,45.622596382612144,,1.0
no_action,0.0,45.890248343166405,,1.0
no_action,0.0,41.327366953409566,,1.0
no_action,0.0,47.56985353288038,,1.0
no_action,0.0,45.08353655358684,,1.0
no_action,0.0,52.53178281453214,,1.0
no_action,0.0,50.000767449873386,,1.1643429933196305
no_action,0.0,44.7163225913209,,1.0
no_action,0.0,44.622950850510286,,1.0
no_action,0.0,44.043595988457824,,1.0
no_action,0.0,40.68734898227127,,1.0
no_action,0.0,48.93658874367754,,1.0
no_action,0.0,48.89950391538133,,1.0
no_action,0.0,47.415849210748405,,1.0
no_action,0.0,40.14774312199501,,1.0
no_action,0.0,43.47592735013979,,1.0
no_action,0.0,46.00706056402131,,1.072629822561442
no_action,0.0,42.30286493396419,,1.0
no_action,0.0,41.92068270395663,,1.0
no_action,0.0,41.33556444102574,,1.0
no_action,0.0,42.17969692992669,,1.0
no_action,0.0,44.899353187161985,,1.0
no_action,0.0,47.52150785971546,,1.0
no_action,0.0,53.13815487527454,,1.0
no_action,0.0,43.28087550022665,,1.0
no_action,0.0,45.92028900138189,,1.0
no_action,0.0,46.7261197858914,,1.0
no_action,0.0,42.53855285459505,,1.0
no_action,0.0,43.0793386738475,,1.0
no_action,0.0,48.33916173045259,,1.0
no_action,0.0,48.60780069152158,,1.0
no_action,0.0,48.75039783555347,,1.0
no_action,0.0,40.80819289126978,,1.0
no_action,0.0,46.36009700666866,,1.0
no_action,0.0,47.96925404093209,,1.0
no_action,0.0,43.66550090407699,,1.0
no_action,0.0,46.27081027414652,,1.0
no_action,0.0,43.75850583405011,,1.0
no_action,0.0,38.769965561044025,,1.0
no_action,0.0,50.81891119942039,,1.0
no_action,0.0,45.15351156883248,,1.0
no_action,0.0,43.9414307195026,,1.0
no_action,0.0,42.87011283025293,,1.0
no_action,0.0,42.7621705992561,,1.0
no_action,0.0,45.83398447590368,,1.0
no_action,0.0,45.57728438603554,,1.0
no_action,0.0,37.253465814693854,,1.0
no_action,0.0,45.23810912113591,,1.0
no_action,0.0,41.64122285441492,,1.0
no_action,0.0,44.72908140734341,,1.0
no_action,0.0,47.31228201612089,,1.0
no_action,0.0,50.512501538394545,,1.0
no_action,0.0,44.4713316885865,,1.0
no_action,0.0,47.85306783537334,,1.0
no_action,0.0,46.82027837181319,,1.0
no_action,0.0,45.492267502806406,,1.0
no_action,0.0,50.24387756797338,,1.0
no_action,0.0,44.814336303932855,,1.0
no_action,0.0,41.17041524857634,,1.0
no_action,0.0,39.57270949054799,,1.0
no_action,0.0,45.662539282624984,,1.0
no_action,0.0,49.39638724475433,,1.0
no_action,0.0,47.73989006697156,,1.0
no_action,0.0,52.210251371750765,,1.0131201559757124
no_action,0.0,42.4223666490363,,1.0
no_action,0.0,44.03152368329973,,1.0
no_action,0.0,42.975771479219986,,1.0
no_action,0.0,48.08875575600421,,1.0
no_action,0.0,46.63311485591828,,1.0
no_action,0.0,42.65173062299683,,1.2353211402757625
no_action,0.0,44.29725955158971,,1.0
no_action,0.0,47.210633015942065,,1.0
no_action,0.0,47.0124755594113,,1.0
no_action,0.0,42.052458959515796,,1.0
no_action,0.0,47.62945009071229,,1.0
no_action,0.0,46.541168009747274,,1.0
no_action,0.0,48.47093798601176,,1.0
no_action,0.0,41.78381999844681,,1.0
no_action,0.0,40.60691774955855,,1.0
no_action,0.0,50.00338906714,,1.0
no_action,0.0,41.49211677458706,,1.4590271460286692
no_action,0.0,44.984186017576334,,1.0
no_action,0.0,44.38456012594708,,1.0
no_action,0.0,49.784702940409844,,1.0
no_action,0.0,49.58342779869861,,1.0
no_action,0.0,49.05605624894265,,1.0
no_action,0.0,47.11074518974174,,1.0
no_action,0.0,46.182255234464485,,1.0
no_action,0.0,44.64353348490821,,1.0
no_action,0.0,46.09436113837868,,1.0
no_action,0.0,45.40743467239206,,1.0
no_action,0.0,39.21266479603391,,1.0
no_action,0.0,45.74808720506018,,1.0
no_action,0.0,51.17895589393448,,1.0
no_action,0.0,43.37914513055709,,1.0
no_action,0.0,39.879119151573846,,1.0
no_action,0.0,46.45018997046579,,1.0
no_action,0.0,43.180987674026326,,1.0
no_action,0.0,43.85045268022112,,1.0
no_action,0.0,38.18136931821763,,1.605140953999785
no_action,0.0,45.068887949717244,,1.0
no_action,0.0,45.32273274025115,,1.0
no_action,0.0,40.99523344521406,,1.0
no_action,0.0,46.9156933398286,,1.0
no_action,0.0,44.557636214064715,,1.0
no_action,0.0,51.62165512892437,,1.0
no_action,0.0,49.22120544139205,,1.0
no_action,0.0,44.20936545550391,,1.0
no_action,0.0,44.12081041582187,,1.0
no_action,0.0,43.5713423181552,,1.0
no_action,0.0,40.38823162282839,,1.0
no_action,0.0,48.2119237600417,,1.0
no_action,0.0,47.75273891521273,,1.0
no_action,0.0,46.38464259637452,,1.0
no_action,0.0,39.6826322472689,,1.0
no_action,0.0,42.75159201042808,,1.0
no_action,0.0,45.08558119375169,,1.0
no_action,0.0,41.66989667503373,,1.0
no_action,0.0,41.31748172270958,,1.0
no_action,0.0,40.77793694918439,,1.0
no_action,0.0,41.55632193800351,,1.0
no_action,0.0,44.06415054691792,,1.0
no_action,0.0,46.48207174094156,,1.0
no_action,0.0,51.661251291415965,,1.0
no_action,0.0,42.57173229171086,,1.0
no_action,0.0,45.00556806464817,,1.0
no_action,0.0,45.748634579013945,,1.0
no_action,0.0,41.88722741621147,,1.0
no_action,0.0,42.3858926961374,,1.0
no_action,0.0,47.23604046907365,,1.0
no_action,0.0,47.48375577141951,,1.0
no_action,0.0,47.61524635829103,,1.0
no_action,0.0,40.291641132760155,,1.0
no_action,0.0,45.41112045574667,,1.0
no_action,0.0,46.89494402206164,,1.0
no_action,0.0,42.926400124796395,,1.0
no_action,0.0,45.32878805744456,,1.0
no_action,0.0,43.01216111886914,,1.0
no_action,0.0,38.412166549671625,,1.0
no_action,0.0,49.52264806688073,,1.0
no_action,0.0,44.298513128237886,,1.0
no_action,0.0,43.180838413949985,,1.0
no_action,0.0,42.19296296286878,,1.0
no_action,0.0,42.093428099121304,,1.0
no_action,0.0,44.92598559627658,,1.0
no_action,0.0,44.689279274450215,,1.0
no_action,0.0,37.013783412394375,,1.0
no_action,0.0,44.376521575572454,,1.0
no_action,0.0,41.05978834551931,,1.0
no_action,0.0,43.90714083674452,,1.0
no_action,0.0,46.28914200767294,,1.0
no_action,0.0,49.24010393582589,,1.0
no_action,0.0,43.66946663916217,,1.0
no_action,0.0,46.787807287598866,,1.0
no_action,0.0,45.835459373478834,,1.0
no_action,0.0,44.61088415689242,,1.0
no_action,0.0,48.99240245654145,,1.0
no_action,0.0,43.985755429360125,,1.0
no_action,0.0,40.62565084006237,,1.0
no_action,0.0,39.15238663692961,,1.0
no_action,0.0,44.76789386706582,,1.0
no_action,0.0,48.210921167245196,,1.0
no_action,0.0,46.68344467017764,,1.0
no_action,0.0,50.805620015861166,,1.0
no_action,0.0,41.7800906817487,,1.0
no_action,0.0,43.26391424806367,,1.0
no_action,0.0,42.29039210743582,,1.0
no_action,0.0,47.00513802877661,,1.0
no_action,0.0,45.6628735849412,,1.0
no_action,0.0,41.9915900336327,,1.0
no_action,0.0,43.50895257271937,,1.0
no_action,0.0,46.19541020975259,,1.0
no_action,0.0,46.01268677283459,,1.0
no_action,0.0,41.43899423473669,,1.0
no_action,0.0,46.581606604689036,,1.0
no_action,0.0,45.57808826300441,,1.0
no_action,0.0,47.35755298110076,,1.0
no_action,0.0,41.19127893239083,,1.0
no_action,0.0,40.106042839849465,,1.0
no_action,0.0,48.77064504109587,,1.0
no_action,0.0,40.92229578859761,,1.1238172169327372
no_action,0.0,44.142375947103076,,1.0
no_action,0.0,43.58945351005865,,1.0
no_action,0.0,48.568991863960875,,1.0
no_action,0.0,48.383393571050185,,1.0
no_action,0.0,47.89709775462595,,1.0
no_action,0.0,46.10330241209948,,1.0
no_action,0.0,45.247130362143054,,1.0
no_action,0.0,43.828256041379134,,1.0
no_action,0.0,45.16608213109097,,1.0
no_action,0.0,44.532658756707264,,1.0
no_action,0.0,38.82038497937155,,1.0
no_action,0.0,44.846778662431205,,1.0
no_action,0.0,49.85464972443879,,1.0
no_action,0.0,42.66234793097574,,1.0
no_action,0.0,39.43493076798445,,1.0
no_action,0.0,45.494196289860355,,1.0
no_action,0.0,42.47962449405775,,1.0
no_action,0.0,43.09694644080593,,1.0
no_action,0.0,37.869414687949174,,1.2384951711061287
no_action,0.0,44.220480644374355,,1.0
no_action,0.0,44.454554059435985,,1.0
no_action,0.0,40.464113536565144,,1.0
no_action,0.0,45.92344269338226,,1.0
no_action,0.0,43.74904910753376,,1.0
no_action,0.0,50.262868154138715,,1.0
no_action,0.0,48.04938386374797,,1.0
no_action,0.0,43.427904341667286,,1.0
no_action,0.0,43.34624664636578,,1.0
no_action,0.0,42.839575330331506,,1.0
no_action,0.0,39.90438966271447,,1.0
no_action,0.0,47.11871276580683,,1.0
no_action,0.0,49.41480445171201,,1.0
no_action,0.0,47.876926138328564,,1.0
no_action,0.0,40.343190223657345,,1.0
no_action,0.0,43.79301067812421,,1.0
no_action,0.0,46.41665003690345,,1.197290221795988
no_action,0.0,42.57707597010332,,1.0
no_action,0.0,42.180926002422964,,1.077570735653576
no_action,0.0,41.574423232933455,,1.0
no_action,0.0,42.44940650515268,,1.0
no_action,0.0,45.26845891997622,,1.0
no_action,0.0,47.98644632814122,,1.0
no_action,0.0,53.80836676029138,,1.0
no_action,0.0,43.59083020511384,,1.0
no_action,0.0,46.32670720587621,,1.0
no_action,0.0,47.1619889489153,,1.0
no_action,0.0,42.821377653461866,,1.0
no_action,0.0,43.381927747103376,,1.0
no_action,0.0,48.83398325956743,,1.0
no_action,0.0,49.11244025570527,,1.0
no_action,0.0,49.26024894371891,,1.0
no_action,0.0,41.02777766443795,,1.0
no_action,0.0,46.782589016698424,,1.0
no_action,0.0,48.45055643397859,,1.0
no_action,0.0,43.989512638102276,,1.0
no_action,0.0,46.690039093060605,,1.0
no_action,0.0,44.085916649356896,,1.0
no_action,0.0,38.9150585801985,,1.0
no_action,0.0,51.40436093507463,,1.0
no_action,0.0,45.5319061102929,,1.0
no_action,0.0,44.27552694981096,,1.0
no_action,0.0,43.16505525887636,,1.0
no_action,0.0,43.0531680282223,,1.0
no_action,0.0,46.237248480968496,,1.0
no_action,0.0,45.97116668982191,,1.0
no_action,0.0,37.3431348267262,,1.0
no_action,0.0,45.619595476724676,,1.0
no_action,0.0,41.891252643298664,,1.0
no_action,0.0,45.09196416230349,,1.0
no_action,0.0,47.7695738399142,,1.0
no_action,0.0,51.0867528209822,,1.0
no_action,0.0,44.824794381141366,,1.0
no_action,0.0,48.33012393355571,,1.0
no_action,0.0,47.259588779156,,1.0
no_action,0.0,45.88304266704136,,1.0
no_action,0.0,50.80831136336024,,1.0
no_action,0.0,45.18033489719567,,1.0
no_action,0.0,41.403238279488676,,1.0
no_action,0.0,39.74714065194295,,1.0
no_action,0.0,46.05953742471409,,1.0
no_action,0.0,49.929847536965156,,1.0
no_action,0.0,48.212809820616414,,1.0
no_action,0.0,52.84655086706116,,1.1314523174885065
no_action,0.0,42.70094515303899,,1.0
no_action,0.0,44.368912570319154,,1.0
no_action,0.0,43.27457544868901,,1.0
no_action,0.0,48.574425616914255,,1.0
no_action,0.0,47.06558493766068,,1.0
no_action,0.0,42.93869176640116,,1.3771940609482647
no_action,0.0,44.64436037340645,,1.0
no_action,0.0,47.664209840821975,,1.0
no_action,0.0,47.45881025958365,,1.0
no_action,0.0,42.317518327450145,,1.0
no_action,0.0,48.098333558795275,,1.0
no_action,0.0,46.97027768033939,,1.0
no_action,0.0,48.97057558459461,,1.0
no_action,0.0,42.039061331312304,,1.0
no_action,0.0,40.81914645496966,,1.0
no_action,0.0,50.55903365144057,,1.0
no_action,0.0,41.73669713530557,,1.6243968750725228
no_action,0.0,45.35639216330418,,1.0
no_action,0.0,44.73485155011413,,1.0
no_action,0.0,50.332355132047915,,1.0
no_action,0.0,50.12372392257963,,1.0
no_action,0.0,49.57707835408412,,1.0
no_action,0.0,47.56067138190374,,1.0
no_action,0.0,46.59824760367797,,1.0
no_action,0.0,45.003289692255116,,1.0
no_action,0.0,46.50714121361113,,1.0
no_action,0.0,45.7951094237134,,1.0
no_action,0.0,39.37393728743168,,1.0
no_action,0.0,46.14821189476246,,1.0
no_action,0.0,51.7775642995859,,1.0
no_action,0.0,43.69269132743393,,1.0
no_action,0.0,40.06474876603538,,1.0193094355049197
no_action,0.0,46.87597463720662,,1.0
no_action,0.0,43.4872917461956,,1.0
no_action,0.0,44.181223906678184,,1.0
no_action,1.0000000000287557e-6,38.304950719956416,,1.7857725579826067
no_action,0.0,45.44418972437713,,1.0
no_action,0.0,45.707311862640445,,1.0
no_action,0.0,41.22165405005242,,1.0
no_action,0.0,47.358490908893366,,1.0
no_action,0.0,44.91425310604908,,1.0
no_action,0.0,52.23644300681908,,1.0
no_action,0.0,49.7482633075289,,1.106529750863332
no_action,0.0,44.55325398333961,,1.0
no_action,0.0,44.46146249395697,,1.0
no_action,0.0,43.89191280786158,,1.0
no_action,0.0,40.59246793557701,,1.0
no_action,0.0,48.7020950818649,,1.0
no_action,0.0,55.16155831444731,,1.1019922476862245
no_action,0.0,52.91969928130426,,1.0
no_action,0.0,41.937312855383745,,1.0
no_action,0.0,46.96632658245348,,1.1610202475680442
no_action,0.000124000000000013,50.79096572652751,,2.9700521672356524
no_action,0.0,45.19378438248482,,1.0
no_action,9.000000000036756e-6,44.61629240812333,,2.696382925854201
no_action,0.0,43.732156322339726,,1.0
no_action,0.0,45.007672815161634,,1.4734193462024383
no_action,1.0000000000287557e-6,49.117177491881854,,1.4485856251847105
no_action,5.999999999950489e-6,53.07935354309228,,2.036836811961734
no_action,3.100000000000325e-5,61.566322113668406,,2.1579326043872125
no_action,0.0,46.67159577326076,,1.0
no_action,0.0,50.6598505749254,,1.0
no_action,0.0,51.877491726735286,,1.0
no_action,0.0,45.549917849536875,,1.0
no_action,1.999999999946489e-6,46.36706591646983,,2.0054100590612576
no_action,0.0,54.31485983062158,,1.0749345093243239
no_action,1.999999999946489e-6,54.7207835807004,,1.662175667544164
no_action,1.999999999946489e-6,54.93625332204253,,1.67052994889128
no_action,0.0,42.93527772993467,,1.0
no_action,0.0,51.32441730087712,,1.0
no_action,1.999999999946489e-6,53.75591515664113,,1.5997257417119657
no_action,0.0,47.25277947679071,,1.0
no_action,0.0,51.18950163133519,,1.0
no_action,0.0,47.3933134849639,,1.0
no_action,0.0,39.85543823790394,,1.0
no_action,0.0,58.06185616984902,,1.0
no_action,0.0,49.50122053236679,,1.0
no_action,0.0,47.66971998679869,,1.0
no_action,1.0000000000287557e-6,46.05091766043371,,1.5682170770333697
no_action,1.0000000000287557e-6,45.887812818813764,,1.5999258660428477
no_action,0.0,50.52944113434582,,1.3290286015386068
no_action,1.0000000000287557e-6,50.14155747551166,,1.4098881764060167
no_action,0.0,37.56394908985759,,1.0
no_action,0.0,49.629050671159206,,1.0
no_action,0.0,44.19401788148346,,1.0
no_action,0.0,48.85989031685142,,1.1918378524023927
no_action,0.0,52.76320528705617,,1.0
no_action,0.0,57.59885944677857,,1.0
no_action,0.0,48.47042062860059,,1.0
no_action,0.0,53.58035335398912,,1.0
no_action,0.0,52.01976895319343,,1.0
no_action,1.0000000000287557e-6,50.01309371164414,,1.4609379559650402
no_action,0.0,57.192958348142255,,1.1020550223393701
no_action,0.0,48.98871372801433,,1.2850946959759324
no_action,0.0,43.48260957284819,,1.0
no_action,0.0,41.06841503367697,,1.0
no_action,0.0,50.27038088667457,,1.0
no_action,0.0,55.91236803917275,,1.0
no_action,0.0,53.40933741500399,,1.0
no_action,0.0005910000000000082,60.16422441211828,,2.8197176369374954
no_action,0.0,45.37435604688486,,1.0
no_action,8.000000000008e-6,47.80585390264887,,2.475169981824191
no_action,0.0,46.21057192222173,,1.008845011233901
no_action,1.0000000000287557e-6,53.93648682104117,,1.369396867626522
no_action,0.0,51.736957718562095,,1.0
no_action,0.00016799999999994597,45.720933788522004,,3.379045629026659
no_action,5.999999999950489e-6,48.20739096844707,,2.369751165913395
no_action,5.999999999950489e-6,52.609609758022856,,2.1300662943086843
no_action,1.0000000000287557e-6,52.31018625838986,,1.4570160488416768
no_action,0.0,44.815411372904414,,1.0
no_action,1.999999999946489e-6,53.24245838471223,,1.8034624459586233
no_action,0.0,51.59802251550319,,1.0
no_action,0.0,54.513978795402664,,1.045547556201429
no_action,0.0,44.409487622825594,,1.2730563464261735
no_action,0.0,42.63114328869072,,1.2243819733905186
no_action,8.000000000008e-6,56.829571020702254,,2.0776954060597626
no_action,0.0007700000000000484,43.96871288907868,,3.937534039857246
no_action,0.0,49.24536314490316,,1.0
no_action,1.0000000000287557e-6,48.33930547699848,,1.4275094507735897
no_action,0.0,56.49912791483527,,1.0
no_action,0.0,56.194993473591325,,1.0
no_action,0.0,55.39811488118627,,1.1396674575741277
no_action,2.9999999999752447e-6,52.45867543026523,,1.9068430772753595
no_action,0.0,51.05569157767406,,1.0301774484439465
no_action,0.0,48.730624132422456,,1.2488607577478155
no_action,0.0,50.92288023507892,,1.0
no_action,1.0000000000287557e-6,49.884908058622834,,1.4670401172330803
no_action,0.0,40.524373722574644,,1.0629032056256378
no_action,0.0,50.39964707110354,,1.0
no_action,0.0,58.60589748095135,,1.1152616063329712
no_action,1.0000000000287557e-6,46.82008494513613,,1.6635849919633887
no_action,4.000000000004e-6,41.53141175674742,,2.562689562491692
no_action,0.0,51.4605512167273,,1.0
no_action,0.0,46.52066144550314,,1.3232654130450447
no_action,0.0,47.532248688022804,,1.1652341076030082
no_action,0.0005070000000000352,38.96604679140771,,4.30037145803922
no_action,1.0000000000287557e-6,49.37335100562426,,1.666851045965236
no_action,0.0,49.756920197901735,,1.3596979001979943
no_action,0.0,43.217903164353245,,1.0
no_action,0.0,52.16394462107251,,1.0795669549241982
no_action,0.0,48.60083006918018,,1.0
no_action,0.0,59.274832965622046,,1.0
no_action,0.000160000000000049,55.6476616306778,,2.762705213234669
no_action,0.0,48.07457962585193,,1.0
no_action,0.0,47.9407695721908,,1.0
no_action,0.0,47.110502250332566,,1.0
no_action,0.0,42.30070018282374,,1.0
no_action,0.0,54.12259838836436,,1.0
